status,seed,epoch,image_resolution,patch_size,patch_tokens,prefix_tokens,total_transformer_tokens,i2t_R@1,i2t_R@5,i2t_R@10,mean_rank_i2t,median_rank_i2t,t2i_R@1,t2i_R@5,t2i_R@10,mean_rank_t2i,median_rank_t2i,num_image_queries,num_text_queries,mean_R@1,gpu_model,node,precision,coco_dev_mean_R1,lr,dataset,test_split_used,checkpoint_fingerprint,checkpoint_path
COMPLETE,42,1,224,16,196,5,201,0.38856014609336853,0.6706114411354065,0.7928994297981262,15.394476890563965,2.0,0.311045378446579,0.5917159914970398,0.6984220743179321,22.21124267578125,3.0,1014.0,5070.0,0.34980276226997375,NVIDIA RTX PRO 6000 Blackwell Server Edition,aisurrey38.surrey.ac.uk,native_bf16,0.2627088278532028,0.002140605073955639,Flickr30k Karpathy validation,False,c93d3cd4a5cca1a732a4126b60870f63c64cf3f49a9bce87ebca1c649ef9dd1f,freezeshift/checkpoints/vision/sensitivity/distill_strength_1p0__seed_42/epoch_01.pt
COMPLETE,42,2,224,16,196,5,201,0.5355029702186584,0.7938855886459351,0.8905325531959534,7.891518592834473,1.0,0.406114399433136,0.6881656646728516,0.7818540334701538,14.691123962402344,2.0,1014.0,5070.0,0.4708086848258972,NVIDIA RTX PRO 6000 Blackwell Server Edition,aisurrey38.surrey.ac.uk,native_bf16,0.3473335951566696,0.002537859425665334,Flickr30k Karpathy validation,False,c93d3cd4a5cca1a732a4126b60870f63c64cf3f49a9bce87ebca1c649ef9dd1f,freezeshift/checkpoints/vision/sensitivity/distill_strength_1p0__seed_42/epoch_02.pt
COMPLETE,42,3,224,16,196,5,201,0.5739644765853882,0.8234714269638062,0.9013806581497192,6.218935012817383,1.0,0.43136096000671387,0.7165680527687073,0.8072978258132935,12.12228775024414,2.0,1014.0,5070.0,0.502662718296051,NVIDIA RTX PRO 6000 Blackwell Server Edition,aisurrey38.surrey.ac.uk,native_bf16,0.3872670531272888,0.002506637309249323,Flickr30k Karpathy validation,False,c93d3cd4a5cca1a732a4126b60870f63c64cf3f49a9bce87ebca1c649ef9dd1f,freezeshift/checkpoints/vision/sensitivity/distill_strength_1p0__seed_42/epoch_03.pt
COMPLETE,42,4,224,16,196,5,201,0.5966469645500183,0.8392505049705505,0.9122288227081299,5.555226802825928,1.0,0.44930967688560486,0.7289940714836121,0.8165680766105652,11.298421859741211,2.0,1014.0,5070.0,0.5229783207178116,NVIDIA RTX PRO 6000 Blackwell Server Edition,aisurrey38.surrey.ac.uk,native_bf16,0.4105035662651062,0.0024520266339178296,Flickr30k Karpathy validation,False,c93d3cd4a5cca1a732a4126b60870f63c64cf3f49a9bce87ebca1c649ef9dd1f,freezeshift/checkpoints/vision/sensitivity/distill_strength_1p0__seed_42/epoch_04.pt
COMPLETE,42,5,224,16,196,5,201,0.5897436141967773,0.8540433645248413,0.9191321730613708,5.570019721984863,1.0,0.4581854045391083,0.7420118451118469,0.8307692408561707,10.828993797302246,2.0,1014.0,5070.0,0.5239645093679428,NVIDIA RTX PRO 6000 Blackwell Server Edition,aisurrey38.surrey.ac.uk,native_bf16,0.4213213324546814,0.002375062590388216,Flickr30k Karpathy validation,False,c93d3cd4a5cca1a732a4126b60870f63c64cf3f49a9bce87ebca1c649ef9dd1f,freezeshift/checkpoints/vision/sensitivity/distill_strength_1p0__seed_42/epoch_05.pt
COMPLETE,42,6,224,16,196,5,201,0.6153846383094788,0.864891529083252,0.9220907092094421,5.766272068023682,1.0,0.471005916595459,0.7581853866577148,0.8392505049705505,10.650296211242676,2.0,1014.0,5070.0,0.5431952774524689,NVIDIA RTX PRO 6000 Blackwell Server Edition,aisurrey38.surrey.ac.uk,native_bf16,0.429979532957077,0.002277204096041539,Flickr30k Karpathy validation,False,c93d3cd4a5cca1a732a4126b60870f63c64cf3f49a9bce87ebca1c649ef9dd1f,freezeshift/checkpoints/vision/sensitivity/distill_strength_1p0__seed_42/epoch_06.pt
COMPLETE,42,7,224,16,196,5,201,0.6222879886627197,0.867850124835968,0.9289940595626831,5.322484970092773,1.0,0.47455620765686035,0.7603550553321838,0.843589723110199,10.314398765563965,2.0,1014.0,5070.0,0.54842209815979,NVIDIA RTX PRO 6000 Blackwell Server Edition,aisurrey38.surrey.ac.uk,native_bf16,0.437758207321167,0.0021603061399316377,Flickr30k Karpathy validation,False,c93d3cd4a5cca1a732a4126b60870f63c64cf3f49a9bce87ebca1c649ef9dd1f,freezeshift/checkpoints/vision/sensitivity/distill_strength_1p0__seed_42/epoch_07.pt
COMPLETE,42,8,224,16,196,5,201,0.6311637163162231,0.8639053106307983,0.9329388737678528,4.990138053894043,1.0,0.4798816442489624,0.7603550553321838,0.8443787097930908,9.94260311126709,2.0,1014.0,5070.0,0.5555226802825928,NVIDIA RTX PRO 6000 Blackwell Server Edition,aisurrey38.surrey.ac.uk,native_bf16,0.44647739827632904,0.00202658461992663,Flickr30k Karpathy validation,False,c93d3cd4a5cca1a732a4126b60870f63c64cf3f49a9bce87ebca1c649ef9dd1f,freezeshift/checkpoints/vision/sensitivity/distill_strength_1p0__seed_42/epoch_08.pt
COMPLETE,42,9,224,16,196,5,201,0.64891517162323,0.8875739574432373,0.9447731971740723,4.804733753204346,1.0,0.48737671971321106,0.764102578163147,0.8499013781547546,9.756607055664062,2.0,1014.0,5070.0,0.5681459456682205,NVIDIA RTX PRO 6000 Blackwell Server Edition,aisurrey38.surrey.ac.uk,native_bf16,0.4514961242675781,0.0018785743385240183,Flickr30k Karpathy validation,False,c93d3cd4a5cca1a732a4126b60870f63c64cf3f49a9bce87ebca1c649ef9dd1f,freezeshift/checkpoints/vision/sensitivity/distill_strength_1p0__seed_42/epoch_09.pt
COMPLETE,42,10,224,16,196,5,201,0.6400394439697266,0.8767258524894714,0.9329388737678528,5.377712249755859,1.0,0.48796844482421875,0.7652859687805176,0.841222882270813,9.844575881958008,2.0,1014.0,5070.0,0.5640039443969727,NVIDIA RTX PRO 6000 Blackwell Server Edition,aisurrey38.surrey.ac.uk,native_bf16,0.456635519862175,0.0017190809535636298,Flickr30k Karpathy validation,False,c93d3cd4a5cca1a732a4126b60870f63c64cf3f49a9bce87ebca1c649ef9dd1f,freezeshift/checkpoints/vision/sensitivity/distill_strength_1p0__seed_42/epoch_10.pt
COMPLETE,42,11,224,16,196,5,201,0.6410256624221802,0.8698225021362305,0.9319526553153992,4.914201259613037,1.0,0.48520711064338684,0.7650887370109558,0.8493096828460693,9.684812545776367,2.0,1014.0,5070.0,0.5631163865327835,NVIDIA RTX PRO 6000 Blackwell Server Edition,aisurrey38.surrey.ac.uk,native_bf16,0.45605476200580597,0.0015511277946525298,Flickr30k Karpathy validation,False,c93d3cd4a5cca1a732a4126b60870f63c64cf3f49a9bce87ebca1c649ef9dd1f,freezeshift/checkpoints/vision/sensitivity/distill_strength_1p0__seed_42/epoch_11.pt
COMPLETE,42,12,224,16,196,5,201,0.6400394439697266,0.8757396340370178,0.9309664964675903,5.396449565887451,1.0,0.49349111318588257,0.7700197100639343,0.8516765236854553,9.694279670715332,2.0,1014.0,5070.0,0.5667652785778046,NVIDIA RTX PRO 6000 Blackwell Server Edition,aisurrey38.surrey.ac.uk,native_bf16,0.4613136947154999,0.0013778985534407648,Flickr30k Karpathy validation,False,c93d3cd4a5cca1a732a4126b60870f63c64cf3f49a9bce87ebca1c649ef9dd1f,freezeshift/checkpoints/vision/sensitivity/distill_strength_1p0__seed_42/epoch_12.pt
COMPLETE,42,13,224,16,196,5,201,0.655818521976471,0.8915187120437622,0.9457593560218811,4.9467453956604,1.0,0.4932938814163208,0.7712031602859497,0.853451669216156,9.457791328430176,2.0,1014.0,5070.0,0.5745562016963959,NVIDIA RTX PRO 6000 Blackwell Server Edition,aisurrey38.surrey.ac.uk,native_bf16,0.467732772231102,0.001202676934101364,Flickr30k Karpathy validation,False,c93d3cd4a5cca1a732a4126b60870f63c64cf3f49a9bce87ebca1c649ef9dd1f,freezeshift/checkpoints/vision/sensitivity/distill_strength_1p0__seed_42/epoch_13.pt
COMPLETE,42,14,224,16,196,5,201,0.6548323631286621,0.8727810382843018,0.9447731971740723,5.085798740386963,1.0,0.49743589758872986,0.7731755375862122,0.8522682189941406,9.189349174499512,2.0,1014.0,5070.0,0.576134130358696,NVIDIA RTX PRO 6000 Blackwell Server Edition,aisurrey38.surrey.ac.uk,native_bf16,0.46741314232349396,0.0010287844079898854,Flickr30k Karpathy validation,False,c93d3cd4a5cca1a732a4126b60870f63c64cf3f49a9bce87ebca1c649ef9dd1f,freezeshift/checkpoints/vision/sensitivity/distill_strength_1p0__seed_42/epoch_14.pt
COMPLETE,42,15,224,16,196,5,201,0.655818521976471,0.8875739574432373,0.9368836283683777,4.8796844482421875,1.0,0.5017751455307007,0.7725838422775269,0.8560158014297485,9.49881649017334,1.0,1014.0,5070.0,0.5787968337535858,NVIDIA RTX PRO 6000 Blackwell Server Edition,aisurrey38.surrey.ac.uk,native_bf16,0.4731323719024658,0.000859517252395638,Flickr30k Karpathy validation,False,c93d3cd4a5cca1a732a4126b60870f63c64cf3f49a9bce87ebca1c649ef9dd1f,freezeshift/checkpoints/vision/sensitivity/distill_strength_1p0__seed_42/epoch_15.pt
COMPLETE,42,16,224,16,196,5,201,0.6568047404289246,0.8846153616905212,0.9447731971740723,4.790926933288574,1.0,0.5015779137611389,0.7755423784255981,0.8546351194381714,9.34260368347168,1.0,1014.0,5070.0,0.5791913270950317,NVIDIA RTX PRO 6000 Blackwell Server Edition,aisurrey38.surrey.ac.uk,native_bf16,0.4711921811103821,0.0006980840668673688,Flickr30k Karpathy validation,False,c93d3cd4a5cca1a732a4126b60870f63c64cf3f49a9bce87ebca1c649ef9dd1f,freezeshift/checkpoints/vision/sensitivity/distill_strength_1p0__seed_42/epoch_16.pt
COMPLETE,42,17,224,16,196,5,201,0.6548323631286621,0.8925049304962158,0.942800760269165,4.596646785736084,1.0,0.5003944635391235,0.7769230604171753,0.8573964238166809,9.060749053955078,1.0,1014.0,5070.0,0.5776134133338928,NVIDIA RTX PRO 6000 Blackwell Server Edition,aisurrey38.surrey.ac.uk,native_bf16,0.47295205295085907,0.0005475449515433472,Flickr30k Karpathy validation,False,c93d3cd4a5cca1a732a4126b60870f63c64cf3f49a9bce87ebca1c649ef9dd1f,freezeshift/checkpoints/vision/sensitivity/distill_strength_1p0__seed_42/epoch_17.pt
COMPLETE,42,18,224,16,196,5,201,0.655818521976471,0.8915187120437622,0.9398422241210938,4.912228584289551,1.0,0.5011834502220154,0.7810651063919067,0.8570019602775574,9.241419792175293,1.0,1014.0,5070.0,0.5785009860992432,NVIDIA RTX PRO 6000 Blackwell Server Edition,aisurrey38.surrey.ac.uk,native_bf16,0.47105197608470917,0.00041075350041114674,Flickr30k Karpathy validation,False,c93d3cd4a5cca1a732a4126b60870f63c64cf3f49a9bce87ebca1c649ef9dd1f,freezeshift/checkpoints/vision/sensitivity/distill_strength_1p0__seed_42/epoch_18.pt
COMPLETE,42,19,224,16,196,5,201,0.6548323631286621,0.8925049304962158,0.9437869787216187,4.671597480773926,1.0,0.49467456340789795,0.7771202921867371,0.8538461327552795,9.280473709106445,2.0,1014.0,5070.0,0.57475346326828,NVIDIA RTX PRO 6000 Blackwell Server Edition,aisurrey38.surrey.ac.uk,native_bf16,0.4756113737821579,0.00029030270906305446,Flickr30k Karpathy validation,False,c93d3cd4a5cca1a732a4126b60870f63c64cf3f49a9bce87ebca1c649ef9dd1f,freezeshift/checkpoints/vision/sensitivity/distill_strength_1p0__seed_42/epoch_19.pt
COMPLETE,42,20,224,16,196,5,201,0.6548323631286621,0.8885601758956909,0.942800760269165,4.873767375946045,1.0,0.5001972317695618,0.7755423784255981,0.8554240465164185,9.19980239868164,1.0,1014.0,5070.0,0.5775147974491119,NVIDIA RTX PRO 6000 Blackwell Server Edition,aisurrey38.surrey.ac.uk,native_bf16,0.4737108051776886,0.00018847582231055714,Flickr30k Karpathy validation,False,c93d3cd4a5cca1a732a4126b60870f63c64cf3f49a9bce87ebca1c649ef9dd1f,freezeshift/checkpoints/vision/sensitivity/distill_strength_1p0__seed_42/epoch_20.pt
COMPLETE,42,21,224,16,196,5,201,0.6538461446762085,0.8905325531959534,0.9418146014213562,4.855029582977295,1.0,0.49684417247772217,0.7761341333389282,0.8562130331993103,9.219329833984375,2.0,1014.0,5070.0,0.5753451585769653,NVIDIA RTX PRO 6000 Blackwell Server Edition,aisurrey38.surrey.ac.uk,native_bf16,0.4756309688091278,0.00010720305338218752,Flickr30k Karpathy validation,False,c93d3cd4a5cca1a732a4126b60870f63c64cf3f49a9bce87ebca1c649ef9dd1f,freezeshift/checkpoints/vision/sensitivity/distill_strength_1p0__seed_42/epoch_21.pt
COMPLETE,42,22,224,16,196,5,201,0.6548323631286621,0.8875739574432373,0.9388560056686401,4.887574195861816,1.0,0.49980276823043823,0.7790927290916443,0.8560158014297485,9.184221267700195,2.0,1014.0,5070.0,0.5773175656795502,NVIDIA RTX PRO 6000 Blackwell Server Edition,aisurrey38.surrey.ac.uk,native_bf16,0.4768507331609726,4.8024995128303944e-05,Flickr30k Karpathy validation,False,c93d3cd4a5cca1a732a4126b60870f63c64cf3f49a9bce87ebca1c649ef9dd1f,freezeshift/checkpoints/vision/sensitivity/distill_strength_1p0__seed_42/epoch_22.pt
COMPLETE,42,23,224,16,196,5,201,0.655818521976471,0.8915187120437622,0.9398422241210938,4.932939052581787,1.0,0.49980276823043823,0.7804733514785767,0.8558185696601868,9.138461112976074,2.0,1014.0,5070.0,0.5778106451034546,NVIDIA RTX PRO 6000 Blackwell Server Edition,aisurrey38.surrey.ac.uk,native_bf16,0.47761067748069763,1.2063416803800502e-05,Flickr30k Karpathy validation,False,c93d3cd4a5cca1a732a4126b60870f63c64cf3f49a9bce87ebca1c649ef9dd1f,freezeshift/checkpoints/vision/sensitivity/distill_strength_1p0__seed_42/epoch_23.pt
COMPLETE,42,24,224,16,196,5,201,0.655818521976471,0.8934911489486694,0.9408283829689026,4.937870025634766,1.0,0.49921104311943054,0.779289960861206,0.8558185696601868,9.156805038452148,2.0,1014.0,5070.0,0.5775147825479507,NVIDIA RTX PRO 6000 Blackwell Server Edition,aisurrey38.surrey.ac.uk,native_bf16,0.4778106212615967,0.0,Flickr30k Karpathy validation,False,c93d3cd4a5cca1a732a4126b60870f63c64cf3f49a9bce87ebca1c649ef9dd1f,freezeshift/checkpoints/vision/sensitivity/distill_strength_1p0__seed_42/epoch_24.pt
COMPLETE,43,1,224,16,196,5,201,0.38560158014297485,0.6785010099411011,0.7958579659461975,15.804733276367188,2.0,0.3238658905029297,0.6041420102119446,0.7122287750244141,20.686389923095703,3.0,1014.0,5070.0,0.35473373532295227,NVIDIA RTX PRO 6000 Blackwell Server Edition,aisurrey38.surrey.ac.uk,native_bf16,0.2598085179924965,0.002140605073955639,Flickr30k Karpathy validation,False,40a2dc0c58172298bb43321985e9d1cdc47f91b5f6eacc5ffd3557b69bfd2eb9,freezeshift/checkpoints/vision/sensitivity/distill_strength_1p0__seed_43/epoch_01.pt
COMPLETE,43,2,224,16,196,5,201,0.5374753475189209,0.7938855886459351,0.8846153616905212,8.259368896484375,1.0,0.3976331353187561,0.6856015920639038,0.7814595699310303,14.812623023986816,2.0,1014.0,5070.0,0.4675542414188385,NVIDIA RTX PRO 6000 Blackwell Server Edition,aisurrey38.surrey.ac.uk,native_bf16,0.3462740182876587,0.002537859425665334,Flickr30k Karpathy validation,False,40a2dc0c58172298bb43321985e9d1cdc47f91b5f6eacc5ffd3557b69bfd2eb9,freezeshift/checkpoints/vision/sensitivity/distill_strength_1p0__seed_43/epoch_02.pt
COMPLETE,43,3,224,16,196,5,201,0.5749506950378418,0.8214989900588989,0.8994082808494568,6.043392658233643,1.0,0.4345167577266693,0.7149901390075684,0.8043392300605774,12.358185768127441,2.0,1014.0,5070.0,0.5047337263822556,NVIDIA RTX PRO 6000 Blackwell Server Edition,aisurrey38.surrey.ac.uk,native_bf16,0.39072734117507935,0.002506637309249323,Flickr30k Karpathy validation,False,40a2dc0c58172298bb43321985e9d1cdc47f91b5f6eacc5ffd3557b69bfd2eb9,freezeshift/checkpoints/vision/sensitivity/distill_strength_1p0__seed_43/epoch_03.pt
COMPLETE,43,4,224,16,196,5,201,0.6134122014045715,0.8303747773170471,0.9132149815559387,5.956607341766357,1.0,0.44930967688560486,0.7337278127670288,0.8195266127586365,11.124852180480957,2.0,1014.0,5070.0,0.5313609391450882,NVIDIA RTX PRO 6000 Blackwell Server Edition,aisurrey38.surrey.ac.uk,native_bf16,0.4108635038137436,0.0024520266339178296,Flickr30k Karpathy validation,False,40a2dc0c58172298bb43321985e9d1cdc47f91b5f6eacc5ffd3557b69bfd2eb9,freezeshift/checkpoints/vision/sensitivity/distill_strength_1p0__seed_43/epoch_04.pt
COMPLETE,43,5,224,16,196,5,201,0.6074950695037842,0.8520709872245789,0.9230769276618958,5.0157790184021,1.0,0.46627217531204224,0.7439842224121094,0.8282051086425781,10.90867805480957,2.0,1014.0,5070.0,0.5368836224079132,NVIDIA RTX PRO 6000 Blackwell Server Edition,aisurrey38.surrey.ac.uk,native_bf16,0.42004117369651794,0.002375062590388216,Flickr30k Karpathy validation,False,40a2dc0c58172298bb43321985e9d1cdc47f91b5f6eacc5ffd3557b69bfd2eb9,freezeshift/checkpoints/vision/sensitivity/distill_strength_1p0__seed_43/epoch_05.pt
COMPLETE,43,6,224,16,196,5,201,0.6173570156097412,0.8658776879310608,0.9230769276618958,5.3422088623046875,1.0,0.4747534394264221,0.749704122543335,0.8307692408561707,10.59132194519043,2.0,1014.0,5070.0,0.5460552275180817,NVIDIA RTX PRO 6000 Blackwell Server Edition,aisurrey38.surrey.ac.uk,native_bf16,0.42859987914562225,0.002277204096041539,Flickr30k Karpathy validation,False,40a2dc0c58172298bb43321985e9d1cdc47f91b5f6eacc5ffd3557b69bfd2eb9,freezeshift/checkpoints/vision/sensitivity/distill_strength_1p0__seed_43/epoch_06.pt
COMPLETE,43,7,224,16,196,5,201,0.6282051205635071,0.857988178730011,0.9240631461143494,5.463510990142822,1.0,0.47633135318756104,0.7477317452430725,0.834319531917572,10.918146133422852,2.0,1014.0,5070.0,0.5522682368755341,NVIDIA RTX PRO 6000 Blackwell Server Edition,aisurrey38.surrey.ac.uk,native_bf16,0.4374992698431015,0.0021603061399316377,Flickr30k Karpathy validation,False,40a2dc0c58172298bb43321985e9d1cdc47f91b5f6eacc5ffd3557b69bfd2eb9,freezeshift/checkpoints/vision/sensitivity/distill_strength_1p0__seed_43/epoch_07.pt
COMPLETE,43,8,224,16,196,5,201,0.6301774978637695,0.8737672567367554,0.9319526553153992,5.094674587249756,1.0,0.4854043424129486,0.7609467506408691,0.8473373055458069,9.811834335327148,2.0,1014.0,5070.0,0.5577909201383591,NVIDIA RTX PRO 6000 Blackwell Server Edition,aisurrey38.surrey.ac.uk,native_bf16,0.4418369084596634,0.00202658461992663,Flickr30k Karpathy validation,False,40a2dc0c58172298bb43321985e9d1cdc47f91b5f6eacc5ffd3557b69bfd2eb9,freezeshift/checkpoints/vision/sensitivity/distill_strength_1p0__seed_43/epoch_08.pt
COMPLETE,43,9,224,16,196,5,201,0.625246524810791,0.8668639063835144,0.9260355234146118,5.178501129150391,1.0,0.4844181537628174,0.7621302008628845,0.841222882270813,10.39526653289795,2.0,1014.0,5070.0,0.5548323392868042,NVIDIA RTX PRO 6000 Blackwell Server Edition,aisurrey38.surrey.ac.uk,native_bf16,0.45445577800273895,0.0018785743385240183,Flickr30k Karpathy validation,False,40a2dc0c58172298bb43321985e9d1cdc47f91b5f6eacc5ffd3557b69bfd2eb9,freezeshift/checkpoints/vision/sensitivity/distill_strength_1p0__seed_43/epoch_09.pt
COMPLETE,43,10,224,16,196,5,201,0.61834317445755,0.8599605560302734,0.9368836283683777,4.7357001304626465,1.0,0.4905325472354889,0.761932909488678,0.8483234643936157,9.761933326721191,2.0,1014.0,5070.0,0.5544378608465195,NVIDIA RTX PRO 6000 Blackwell Server Edition,aisurrey38.surrey.ac.uk,native_bf16,0.45557570457458496,0.0017190809535636298,Flickr30k Karpathy validation,False,40a2dc0c58172298bb43321985e9d1cdc47f91b5f6eacc5ffd3557b69bfd2eb9,freezeshift/checkpoints/vision/sensitivity/distill_strength_1p0__seed_43/epoch_10.pt
COMPLETE,43,11,224,16,196,5,201,0.6291913390159607,0.8708086609840393,0.9270216822624207,4.655818462371826,1.0,0.49132150411605835,0.7662721872329712,0.8453648686408997,9.537869453430176,2.0,1014.0,5070.0,0.5602564215660095,NVIDIA RTX PRO 6000 Blackwell Server Edition,aisurrey38.surrey.ac.uk,native_bf16,0.4578743577003479,0.0015511277946525298,Flickr30k Karpathy validation,False,40a2dc0c58172298bb43321985e9d1cdc47f91b5f6eacc5ffd3557b69bfd2eb9,freezeshift/checkpoints/vision/sensitivity/distill_strength_1p0__seed_43/epoch_11.pt
COMPLETE,43,12,224,16,196,5,201,0.6203156113624573,0.8777120113372803,0.9418146014213562,4.693294048309326,1.0,0.48619329929351807,0.7611439824104309,0.8475345373153687,9.839841842651367,2.0,1014.0,5070.0,0.5532544553279877,NVIDIA RTX PRO 6000 Blackwell Server Edition,aisurrey38.surrey.ac.uk,native_bf16,0.45887452363967896,0.0013778985534407648,Flickr30k Karpathy validation,False,40a2dc0c58172298bb43321985e9d1cdc47f91b5f6eacc5ffd3557b69bfd2eb9,freezeshift/checkpoints/vision/sensitivity/distill_strength_1p0__seed_43/epoch_12.pt
COMPLETE,43,13,224,16,196,5,201,0.625246524810791,0.8629191517829895,0.9240631461143494,4.538461685180664,1.0,0.48678502440452576,0.7666666507720947,0.8499013781547546,9.802958488464355,2.0,1014.0,5070.0,0.5560157746076584,NVIDIA RTX PRO 6000 Blackwell Server Edition,aisurrey38.surrey.ac.uk,native_bf16,0.46247297525405884,0.001202676934101364,Flickr30k Karpathy validation,False,40a2dc0c58172298bb43321985e9d1cdc47f91b5f6eacc5ffd3557b69bfd2eb9,freezeshift/checkpoints/vision/sensitivity/distill_strength_1p0__seed_43/epoch_13.pt
COMPLETE,43,14,224,16,196,5,201,0.6400394439697266,0.8727810382843018,0.9368836283683777,4.607494831085205,1.0,0.49526625871658325,0.7765285968780518,0.8526627421379089,9.120710372924805,2.0,1014.0,5070.0,0.5676528513431549,NVIDIA RTX PRO 6000 Blackwell Server Edition,aisurrey38.surrey.ac.uk,native_bf16,0.4691927582025528,0.0010287844079898854,Flickr30k Karpathy validation,False,40a2dc0c58172298bb43321985e9d1cdc47f91b5f6eacc5ffd3557b69bfd2eb9,freezeshift/checkpoints/vision/sensitivity/distill_strength_1p0__seed_43/epoch_14.pt
COMPLETE,43,15,224,16,196,5,201,0.639053225517273,0.8629191517829895,0.9280079007148743,4.469428062438965,1.0,0.49684417247772217,0.7727810740470886,0.8524655103683472,9.255029678344727,2.0,1014.0,5070.0,0.5679486989974976,NVIDIA RTX PRO 6000 Blackwell Server Edition,aisurrey38.surrey.ac.uk,native_bf16,0.4676723927259445,0.000859517252395638,Flickr30k Karpathy validation,False,40a2dc0c58172298bb43321985e9d1cdc47f91b5f6eacc5ffd3557b69bfd2eb9,freezeshift/checkpoints/vision/sensitivity/distill_strength_1p0__seed_43/epoch_15.pt
COMPLETE,43,16,224,16,196,5,201,0.642011821269989,0.8737672567367554,0.9349112510681152,4.251479148864746,1.0,0.5033530592918396,0.7794871926307678,0.8558185696601868,9.35779094696045,1.0,1014.0,5070.0,0.5726824402809143,NVIDIA RTX PRO 6000 Blackwell Server Edition,aisurrey38.surrey.ac.uk,native_bf16,0.47403155267238617,0.0006980840668673688,Flickr30k Karpathy validation,False,40a2dc0c58172298bb43321985e9d1cdc47f91b5f6eacc5ffd3557b69bfd2eb9,freezeshift/checkpoints/vision/sensitivity/distill_strength_1p0__seed_43/epoch_16.pt
COMPLETE,43,17,224,16,196,5,201,0.6479290127754211,0.8796843886375427,0.9339250326156616,4.253451824188232,1.0,0.5037475228309631,0.7735700011253357,0.8589743375778198,9.19487190246582,1.0,1014.0,5070.0,0.5758382678031921,NVIDIA RTX PRO 6000 Blackwell Server Edition,aisurrey38.surrey.ac.uk,native_bf16,0.4755716919898987,0.0005475449515433472,Flickr30k Karpathy validation,False,40a2dc0c58172298bb43321985e9d1cdc47f91b5f6eacc5ffd3557b69bfd2eb9,freezeshift/checkpoints/vision/sensitivity/distill_strength_1p0__seed_43/epoch_17.pt
COMPLETE,43,18,224,16,196,5,201,0.6499013900756836,0.8737672567367554,0.9388560056686401,4.350098609924316,1.0,0.504536509513855,0.7800788879394531,0.8571991920471191,9.50236701965332,1.0,1014.0,5070.0,0.5772189497947693,NVIDIA RTX PRO 6000 Blackwell Server Edition,aisurrey38.surrey.ac.uk,native_bf16,0.4746515452861786,0.00041075350041114674,Flickr30k Karpathy validation,False,40a2dc0c58172298bb43321985e9d1cdc47f91b5f6eacc5ffd3557b69bfd2eb9,freezeshift/checkpoints/vision/sensitivity/distill_strength_1p0__seed_43/epoch_18.pt
COMPLETE,43,19,224,16,196,5,201,0.6370808482170105,0.8777120113372803,0.9368836283683777,4.19428014755249,1.0,0.5049309730529785,0.7785009741783142,0.8570019602775574,9.375345230102539,1.0,1014.0,5070.0,0.5710059106349945,NVIDIA RTX PRO 6000 Blackwell Server Edition,aisurrey38.surrey.ac.uk,native_bf16,0.47755131125450134,0.00029030270906305446,Flickr30k Karpathy validation,False,40a2dc0c58172298bb43321985e9d1cdc47f91b5f6eacc5ffd3557b69bfd2eb9,freezeshift/checkpoints/vision/sensitivity/distill_strength_1p0__seed_43/epoch_19.pt
COMPLETE,43,20,224,16,196,5,201,0.6479290127754211,0.88165682554245,0.9398422241210938,4.294871807098389,1.0,0.49921104311943054,0.7810651063919067,0.8573964238166809,9.32149887084961,2.0,1014.0,5070.0,0.5735700279474258,NVIDIA RTX PRO 6000 Blackwell Server Edition,aisurrey38.surrey.ac.uk,native_bf16,0.47729112207889557,0.00018847582231055714,Flickr30k Karpathy validation,False,40a2dc0c58172298bb43321985e9d1cdc47f91b5f6eacc5ffd3557b69bfd2eb9,freezeshift/checkpoints/vision/sensitivity/distill_strength_1p0__seed_43/epoch_20.pt
COMPLETE,43,21,224,16,196,5,201,0.6469427943229675,0.8757396340370178,0.9388560056686401,4.2357001304626465,1.0,0.5043392777442932,0.7802761197090149,0.8564102649688721,9.240039825439453,1.0,1014.0,5070.0,0.5756410360336304,NVIDIA RTX PRO 6000 Blackwell Server Edition,aisurrey38.surrey.ac.uk,native_bf16,0.4765111207962036,0.00010720305338218752,Flickr30k Karpathy validation,False,40a2dc0c58172298bb43321985e9d1cdc47f91b5f6eacc5ffd3557b69bfd2eb9,freezeshift/checkpoints/vision/sensitivity/distill_strength_1p0__seed_43/epoch_21.pt
COMPLETE,43,22,224,16,196,5,201,0.6469427943229675,0.8786982297897339,0.9398422241210938,4.209073066711426,1.0,0.5029585957527161,0.7788954377174377,0.8570019602775574,9.282248497009277,1.0,1014.0,5070.0,0.5749506950378418,NVIDIA RTX PRO 6000 Blackwell Server Edition,aisurrey38.surrey.ac.uk,native_bf16,0.4773308336734772,4.8024995128303944e-05,Flickr30k Karpathy validation,False,40a2dc0c58172298bb43321985e9d1cdc47f91b5f6eacc5ffd3557b69bfd2eb9,freezeshift/checkpoints/vision/sensitivity/distill_strength_1p0__seed_43/epoch_22.pt
COMPLETE,43,23,224,16,196,5,201,0.6459566354751587,0.8796843886375427,0.9388560056686401,4.238658905029297,1.0,0.5029585957527161,0.7800788879394531,0.8571991920471191,9.28027629852295,1.0,1014.0,5070.0,0.5744576156139374,NVIDIA RTX PRO 6000 Blackwell Server Edition,aisurrey38.surrey.ac.uk,native_bf16,0.4784109890460968,1.2063416803800502e-05,Flickr30k Karpathy validation,False,40a2dc0c58172298bb43321985e9d1cdc47f91b5f6eacc5ffd3557b69bfd2eb9,freezeshift/checkpoints/vision/sensitivity/distill_strength_1p0__seed_43/epoch_23.pt
COMPLETE,43,24,224,16,196,5,201,0.6469427943229675,0.8796843886375427,0.9398422241210938,4.221893310546875,1.0,0.5029585957527161,0.7804733514785767,0.857988178730011,9.265877723693848,1.0,1014.0,5070.0,0.5749506950378418,NVIDIA RTX PRO 6000 Blackwell Server Edition,aisurrey38.surrey.ac.uk,native_bf16,0.4785909205675125,0.0,Flickr30k Karpathy validation,False,40a2dc0c58172298bb43321985e9d1cdc47f91b5f6eacc5ffd3557b69bfd2eb9,freezeshift/checkpoints/vision/sensitivity/distill_strength_1p0__seed_43/epoch_24.pt
COMPLETE,44,1,224,16,196,5,201,0.4033530652523041,0.6735700368881226,0.7682445645332336,15.782051086425781,2.0,0.3116370737552643,0.5958579778671265,0.7053254246711731,21.668046951293945,3.0,1014.0,5070.0,0.3574950695037842,NVIDIA RTX PRO 6000 Blackwell Server Edition,aisurrey38.surrey.ac.uk,native_bf16,0.2605883926153183,0.002140605073955639,Flickr30k Karpathy validation,False,41565ef11065f5c1c40bd62d94f5deb02611a2618c2faad439a4c3a174d93077,freezeshift/checkpoints/vision/sensitivity/distill_strength_1p0__seed_44/epoch_01.pt
COMPLETE,44,2,224,16,196,5,201,0.5285996198654175,0.8067061305046082,0.8895463347434998,7.625246524810791,1.0,0.4065088629722595,0.6881656646728516,0.7869822382926941,14.244970321655273,2.0,1014.0,5070.0,0.4675542414188385,NVIDIA RTX PRO 6000 Blackwell Server Edition,aisurrey38.surrey.ac.uk,native_bf16,0.3520538955926895,0.002537859425665334,Flickr30k Karpathy validation,False,41565ef11065f5c1c40bd62d94f5deb02611a2618c2faad439a4c3a174d93077,freezeshift/checkpoints/vision/sensitivity/distill_strength_1p0__seed_44/epoch_02.pt
COMPLETE,44,3,224,16,196,5,201,0.5631163716316223,0.8224852085113525,0.9013806581497192,6.3698225021362305,1.0,0.4400394558906555,0.7214990258216858,0.8082840442657471,12.30019760131836,2.0,1014.0,5070.0,0.5015779137611389,NVIDIA RTX PRO 6000 Blackwell Server Edition,aisurrey38.surrey.ac.uk,native_bf16,0.3900274783372879,0.002506637309249323,Flickr30k Karpathy validation,False,41565ef11065f5c1c40bd62d94f5deb02611a2618c2faad439a4c3a174d93077,freezeshift/checkpoints/vision/sensitivity/distill_strength_1p0__seed_44/epoch_03.pt
COMPLETE,44,4,224,16,196,5,201,0.5917159914970398,0.8560158014297485,0.9112426042556763,6.073964595794678,1.0,0.45779094099998474,0.7295858263969421,0.822090744972229,11.704733848571777,2.0,1014.0,5070.0,0.5247534662485123,NVIDIA RTX PRO 6000 Blackwell Server Edition,aisurrey38.surrey.ac.uk,native_bf16,0.40924303233623505,0.0024520266339178296,Flickr30k Karpathy validation,False,41565ef11065f5c1c40bd62d94f5deb02611a2618c2faad439a4c3a174d93077,freezeshift/checkpoints/vision/sensitivity/distill_strength_1p0__seed_44/epoch_04.pt
COMPLETE,44,5,224,16,196,5,201,0.6203156113624573,0.848126232624054,0.9142012000083923,5.600591659545898,1.0,0.4719921052455902,0.7410256266593933,0.827416181564331,10.644969940185547,2.0,1014.0,5070.0,0.5461538583040237,NVIDIA RTX PRO 6000 Blackwell Server Edition,aisurrey38.surrey.ac.uk,native_bf16,0.42738066613674164,0.002375062590388216,Flickr30k Karpathy validation,False,41565ef11065f5c1c40bd62d94f5deb02611a2618c2faad439a4c3a174d93077,freezeshift/checkpoints/vision/sensitivity/distill_strength_1p0__seed_44/epoch_05.pt
COMPLETE,44,6,224,16,196,5,201,0.6114398241043091,0.8570019602775574,0.9329388737678528,5.613412380218506,1.0,0.482051283121109,0.7542406320571899,0.8333333134651184,10.356804847717285,2.0,1014.0,5070.0,0.546745553612709,NVIDIA RTX PRO 6000 Blackwell Server Edition,aisurrey38.surrey.ac.uk,native_bf16,0.42999987304210663,0.002277204096041539,Flickr30k Karpathy validation,False,41565ef11065f5c1c40bd62d94f5deb02611a2618c2faad439a4c3a174d93077,freezeshift/checkpoints/vision/sensitivity/distill_strength_1p0__seed_44/epoch_06.pt
COMPLETE,44,7,224,16,196,5,201,0.6025640964508057,0.8629191517829895,0.9240631461143494,5.6291913986206055,1.0,0.471005916595459,0.7475345134735107,0.8311637043952942,10.526627540588379,2.0,1014.0,5070.0,0.5367850065231323,NVIDIA RTX PRO 6000 Blackwell Server Edition,aisurrey38.surrey.ac.uk,native_bf16,0.4400777667760849,0.0021603061399316377,Flickr30k Karpathy validation,False,41565ef11065f5c1c40bd62d94f5deb02611a2618c2faad439a4c3a174d93077,freezeshift/checkpoints/vision/sensitivity/distill_strength_1p0__seed_44/epoch_07.pt
COMPLETE,44,8,224,16,196,5,201,0.642011821269989,0.857988178730011,0.9220907092094421,5.676528453826904,1.0,0.4777120351791382,0.7530571818351746,0.8309664726257324,10.535305976867676,2.0,1014.0,5070.0,0.5598619282245636,NVIDIA RTX PRO 6000 Blackwell Server Edition,aisurrey38.surrey.ac.uk,native_bf16,0.44241710007190704,0.00202658461992663,Flickr30k Karpathy validation,False,41565ef11065f5c1c40bd62d94f5deb02611a2618c2faad439a4c3a174d93077,freezeshift/checkpoints/vision/sensitivity/distill_strength_1p0__seed_44/epoch_08.pt
COMPLETE,44,9,224,16,196,5,201,0.6311637163162231,0.8658776879310608,0.9358974099159241,4.750493049621582,1.0,0.4838264286518097,0.7627218961715698,0.8437869548797607,9.352465629577637,2.0,1014.0,5070.0,0.5574950724840164,NVIDIA RTX PRO 6000 Blackwell Server Edition,aisurrey38.surrey.ac.uk,native_bf16,0.4523967057466507,0.0018785743385240183,Flickr30k Karpathy validation,False,41565ef11065f5c1c40bd62d94f5deb02611a2618c2faad439a4c3a174d93077,freezeshift/checkpoints/vision/sensitivity/distill_strength_1p0__seed_44/epoch_09.pt
COMPLETE,44,10,224,16,196,5,201,0.6272189617156982,0.8806706070899963,0.9378698468208313,5.272189140319824,1.0,0.487771213054657,0.7611439824104309,0.8408284187316895,9.581262588500977,2.0,1014.0,5070.0,0.5574950873851776,NVIDIA RTX PRO 6000 Blackwell Server Edition,aisurrey38.surrey.ac.uk,native_bf16,0.45553572475910187,0.0017190809535636298,Flickr30k Karpathy validation,False,41565ef11065f5c1c40bd62d94f5deb02611a2618c2faad439a4c3a174d93077,freezeshift/checkpoints/vision/sensitivity/distill_strength_1p0__seed_44/epoch_10.pt
COMPLETE,44,11,224,16,196,5,201,0.6311637163162231,0.8806706070899963,0.9398422241210938,5.068047523498535,1.0,0.48856016993522644,0.7629191279411316,0.8420118093490601,9.223669052124023,2.0,1014.0,5070.0,0.5598619431257248,NVIDIA RTX PRO 6000 Blackwell Server Edition,aisurrey38.surrey.ac.uk,native_bf16,0.4561547487974167,0.0015511277946525298,Flickr30k Karpathy validation,False,41565ef11065f5c1c40bd62d94f5deb02611a2618c2faad439a4c3a174d93077,freezeshift/checkpoints/vision/sensitivity/distill_strength_1p0__seed_44/epoch_11.pt
COMPLETE,44,12,224,16,196,5,201,0.642011821269989,0.8708086609840393,0.9368836283683777,5.150887489318848,1.0,0.4948717951774597,0.7666666507720947,0.8443787097930908,9.468047142028809,2.0,1014.0,5070.0,0.5684418082237244,NVIDIA RTX PRO 6000 Blackwell Server Edition,aisurrey38.surrey.ac.uk,native_bf16,0.4639941602945328,0.0013778985534407648,Flickr30k Karpathy validation,False,41565ef11065f5c1c40bd62d94f5deb02611a2618c2faad439a4c3a174d93077,freezeshift/checkpoints/vision/sensitivity/distill_strength_1p0__seed_44/epoch_12.pt
COMPLETE,44,13,224,16,196,5,201,0.6459566354751587,0.874753475189209,0.9339250326156616,5.185404300689697,1.0,0.494280070066452,0.7698224782943726,0.844181478023529,9.334319114685059,2.0,1014.0,5070.0,0.5701183527708054,NVIDIA RTX PRO 6000 Blackwell Server Edition,aisurrey38.surrey.ac.uk,native_bf16,0.46671299636363983,0.001202676934101364,Flickr30k Karpathy validation,False,41565ef11065f5c1c40bd62d94f5deb02611a2618c2faad439a4c3a174d93077,freezeshift/checkpoints/vision/sensitivity/distill_strength_1p0__seed_44/epoch_13.pt
COMPLETE,44,14,224,16,196,5,201,0.6469427943229675,0.8806706070899963,0.9358974099159241,5.144970417022705,1.0,0.5047337412834167,0.7706114649772644,0.8497041463851929,9.251873970031738,1.0,1014.0,5070.0,0.5758382678031921,NVIDIA RTX PRO 6000 Blackwell Server Edition,aisurrey38.surrey.ac.uk,native_bf16,0.47211287915706635,0.0010287844079898854,Flickr30k Karpathy validation,False,41565ef11065f5c1c40bd62d94f5deb02611a2618c2faad439a4c3a174d93077,freezeshift/checkpoints/vision/sensitivity/distill_strength_1p0__seed_44/epoch_14.pt
COMPLETE,44,15,224,16,196,5,201,0.6696252226829529,0.8826429843902588,0.9418146014213562,5.346153736114502,1.0,0.5003944635391235,0.7719920873641968,0.8475345373153687,9.265680313110352,1.0,1014.0,5070.0,0.5850098431110382,NVIDIA RTX PRO 6000 Blackwell Server Edition,aisurrey38.surrey.ac.uk,native_bf16,0.4729120433330536,0.000859517252395638,Flickr30k Karpathy validation,False,41565ef11065f5c1c40bd62d94f5deb02611a2618c2faad439a4c3a174d93077,freezeshift/checkpoints/vision/sensitivity/distill_strength_1p0__seed_44/epoch_15.pt
COMPLETE,44,16,224,16,196,5,201,0.6568047404289246,0.8786982297897339,0.9418146014213562,5.451676368713379,1.0,0.5049309730529785,0.7715976238250732,0.8502958416938782,9.083234786987305,1.0,1014.0,5070.0,0.5808678567409515,NVIDIA RTX PRO 6000 Blackwell Server Edition,aisurrey38.surrey.ac.uk,native_bf16,0.4730917811393738,0.0006980840668673688,Flickr30k Karpathy validation,False,41565ef11065f5c1c40bd62d94f5deb02611a2618c2faad439a4c3a174d93077,freezeshift/checkpoints/vision/sensitivity/distill_strength_1p0__seed_44/epoch_16.pt
COMPLETE,44,17,224,16,196,5,201,0.6459566354751587,0.8856015801429749,0.9388560056686401,5.205128192901611,1.0,0.5031558275222778,0.7745562195777893,0.8502958416938782,9.010848045349121,1.0,1014.0,5070.0,0.5745562314987183,NVIDIA RTX PRO 6000 Blackwell Server Edition,aisurrey38.surrey.ac.uk,native_bf16,0.4783313572406769,0.0005475449515433472,Flickr30k Karpathy validation,False,41565ef11065f5c1c40bd62d94f5deb02611a2618c2faad439a4c3a174d93077,freezeshift/checkpoints/vision/sensitivity/distill_strength_1p0__seed_44/epoch_17.pt
COMPLETE,44,18,224,16,196,5,201,0.6577908992767334,0.8826429843902588,0.9388560056686401,5.378698348999023,1.0,0.5029585957527161,0.7745562195777893,0.8469427824020386,9.113215446472168,1.0,1014.0,5070.0,0.5803747475147247,NVIDIA RTX PRO 6000 Blackwell Server Edition,aisurrey38.surrey.ac.uk,native_bf16,0.4766917824745178,0.00041075350041114674,Flickr30k Karpathy validation,False,41565ef11065f5c1c40bd62d94f5deb02611a2618c2faad439a4c3a174d93077,freezeshift/checkpoints/vision/sensitivity/distill_strength_1p0__seed_44/epoch_18.pt
COMPLETE,44,19,224,16,196,5,201,0.6548323631286621,0.8846153616905212,0.9437869787216187,5.2928996086120605,1.0,0.5063116550445557,0.7725838422775269,0.848915159702301,9.055423736572266,1.0,1014.0,5070.0,0.5805720090866089,NVIDIA RTX PRO 6000 Blackwell Server Edition,aisurrey38.surrey.ac.uk,native_bf16,0.48073165118694305,0.00029030270906305446,Flickr30k Karpathy validation,False,41565ef11065f5c1c40bd62d94f5deb02611a2618c2faad439a4c3a174d93077,freezeshift/checkpoints/vision/sensitivity/distill_strength_1p0__seed_44/epoch_19.pt
COMPLETE,44,20,224,16,196,5,201,0.6548323631286621,0.8905325531959534,0.9447731971740723,5.282051086425781,1.0,0.5059171319007874,0.7771202921867371,0.8499013781547546,9.013017654418945,1.0,1014.0,5070.0,0.5803747475147247,NVIDIA RTX PRO 6000 Blackwell Server Edition,aisurrey38.surrey.ac.uk,native_bf16,0.47969067096710205,0.00018847582231055714,Flickr30k Karpathy validation,False,41565ef11065f5c1c40bd62d94f5deb02611a2618c2faad439a4c3a174d93077,freezeshift/checkpoints/vision/sensitivity/distill_strength_1p0__seed_44/epoch_20.pt
COMPLETE,44,21,224,16,196,5,201,0.655818521976471,0.8875739574432373,0.9368836283683777,5.354043483734131,1.0,0.5033530592918396,0.7765285968780518,0.8500986099243164,9.085601806640625,1.0,1014.0,5070.0,0.5795857906341553,NVIDIA RTX PRO 6000 Blackwell Server Edition,aisurrey38.surrey.ac.uk,native_bf16,0.48051077127456665,0.00010720305338218752,Flickr30k Karpathy validation,False,41565ef11065f5c1c40bd62d94f5deb02611a2618c2faad439a4c3a174d93077,freezeshift/checkpoints/vision/sensitivity/distill_strength_1p0__seed_44/epoch_21.pt
COMPLETE,44,22,224,16,196,5,201,0.6538461446762085,0.8826429843902588,0.9418146014213562,5.318540573120117,1.0,0.5049309730529785,0.77633136510849,0.8483234643936157,9.144773483276367,1.0,1014.0,5070.0,0.5793885588645935,NVIDIA RTX PRO 6000 Blackwell Server Edition,aisurrey38.surrey.ac.uk,native_bf16,0.4806511104106903,4.8024995128303944e-05,Flickr30k Karpathy validation,False,41565ef11065f5c1c40bd62d94f5deb02611a2618c2faad439a4c3a174d93077,freezeshift/checkpoints/vision/sensitivity/distill_strength_1p0__seed_44/epoch_22.pt
COMPLETE,44,23,224,16,196,5,201,0.6528599858283997,0.8856015801429749,0.942800760269165,5.32445764541626,1.0,0.5061144232749939,0.7753451466560364,0.8473373055458069,9.115187644958496,1.0,1014.0,5070.0,0.5794872045516968,NVIDIA RTX PRO 6000 Blackwell Server Edition,aisurrey38.surrey.ac.uk,native_bf16,0.48039092123508453,1.2063416803800502e-05,Flickr30k Karpathy validation,False,41565ef11065f5c1c40bd62d94f5deb02611a2618c2faad439a4c3a174d93077,freezeshift/checkpoints/vision/sensitivity/distill_strength_1p0__seed_44/epoch_23.pt
COMPLETE,44,24,224,16,196,5,201,0.651873767375946,0.8836292028427124,0.9418146014213562,5.345167636871338,1.0,0.5051282048225403,0.7765285968780518,0.8487179279327393,9.108678817749023,1.0,1014.0,5070.0,0.5785009860992432,NVIDIA RTX PRO 6000 Blackwell Server Edition,aisurrey38.surrey.ac.uk,native_bf16,0.48059098422527313,0.0,Flickr30k Karpathy validation,False,41565ef11065f5c1c40bd62d94f5deb02611a2618c2faad439a4c3a174d93077,freezeshift/checkpoints/vision/sensitivity/distill_strength_1p0__seed_44/epoch_24.pt
