config_id,vision_encoder,text_encoder,variant,tasks_evaluated,tasks_won,tasks_within_threshold,mean_normalised_multitask_score,std_normalised_task_performance,task_specialisation_index,latency_ms,cost_adjusted_task_score,strongest_task,strongest_task_score,strongest_task_relative_gap,weakest_task,weakest_task_score,weakest_task_relative_gap,task_specific_strengths,task_specific_weaknesses,normalisation
dinov2_vits14__bge_small_en__baseline,dinov2_vits14,bge_small_en,baseline,5,1,1,0.9326639420043673,0.040893339032738306,0.040893339032738306,8.34284983575344,0.6299025833589228,eurosat,0.2227160483598709,0.0,coco_i2t,0.1736000031232834,0.11065570454172413,"[""eurosat"", ""pets""]","[""cifar100"", ""coco_i2t""]",relative_to_task_best
dinov2_vits14__all_minilm_l6_v2__baseline,dinov2_vits14,all_minilm_l6_v2,baseline,5,0,0,0.9171948732816974,0.04074769257940222,0.04074769257940222,7.525923475623131,0.652209522933405,pets,0.0706521719694137,0.03703702951491483,eurosat,0.1930864155292511,0.13303770899680933,"[""pets"", ""coco_t2i""]","[""cifar100"", ""eurosat""]",relative_to_task_best
convnextv2_tiny__all_minilm_l6_v2__local_global,convnextv2_tiny,all_minilm_l6_v2,local_global,5,0,1,0.9009176394164757,0.07655300654476264,0.07655300654476264,6.848302017897368,0.671582009875963,cifar100,0.2930000126361847,0.016448401413984737,pets,0.0584239140152931,0.20370366233202852,"[""cifar100"", ""coco_t2i""]","[""eurosat"", ""pets""]",relative_to_task_best
convnextv2_tiny__all_minilm_l6_v2__baseline,convnextv2_tiny,all_minilm_l6_v2,baseline,5,1,1,0.895513815413229,0.10492352829475662,0.10492352829475662,6.276567000895739,0.6972951135617211,cifar100,0.29789999127388,0.0,pets,0.0516304336488246,0.29629628689364396,"[""cifar100"", ""eurosat""]","[""coco_i2t"", ""pets""]",relative_to_task_best
dinov2_vits14__e5_small_v2__baseline,dinov2_vits14,e5_small_v2,baseline,5,1,1,0.8872484240663254,0.06085394789917845,0.06085394789917845,8.688510674983263,0.5871890974039775,pets,0.073369562625885,0.0,coco_i2t,0.1622000038623809,0.16905734122667415,"[""pets"", ""eurosat""]","[""coco_t2i"", ""coco_i2t""]",relative_to_task_best
dinov2_vits14__bge_small_en__local,dinov2_vits14,bge_small_en,local,5,0,0,0.8835128999077233,0.10366891703912147,0.10366891703912147,8.540116250514984,0.5897750821926433,coco_t2i,0.154113695025444,0.03961140569724009,pets,0.050271738320589,0.31481480165110065,"[""coco_t2i"", ""eurosat""]","[""cifar100"", ""pets""]",relative_to_task_best
dinov2_vits14__all_minilm_l6_v2__local,dinov2_vits14,all_minilm_l6_v2,local,5,2,2,0.8691767468434058,0.15613159041845887,0.15613159041845887,7.790524326264858,0.6074774639597121,coco_i2t,0.1951999962329864,0.0,pets,0.0421195663511753,0.4259258901958427,"[""coco_i2t"", ""coco_t2i""]","[""eurosat"", ""pets""]",relative_to_task_best
convnextv2_tiny__bge_small_en__baseline,convnextv2_tiny,bge_small_en,baseline,5,0,0,0.8651692477346866,0.06778977870710798,0.06778977870710798,7.1768637746572495,0.6299979537143645,cifar100,0.2849000096321106,0.04363874462090078,eurosat,0.1683950573205948,0.24390245534305965,"[""cifar100"", ""coco_t2i""]","[""pets"", ""eurosat""]",relative_to_task_best
convnext_tiny__bge_small_en__baseline,convnext_tiny,bge_small_en,baseline,5,0,0,0.8642899536077978,0.09022623875675727,0.09022623875675727,6.604635808616877,0.6560552928151415,coco_t2i,0.1488366574048996,0.07249626217700134,pets,0.050271738320589,0.31481480165110065,"[""coco_t2i"", ""coco_i2t""]","[""eurosat"", ""pets""]",relative_to_task_best
convnext_tiny__all_minilm_l6_v2__baseline,convnext_tiny,all_minilm_l6_v2,baseline,5,0,1,0.8539763941125086,0.11525086066551637,0.11525086066551637,5.557092558592558,0.7066875933445467,coco_t2i,0.1576317250728607,0.01768813709093242,pets,0.0489130429923534,0.33333331640855746,"[""coco_t2i"", ""coco_i2t""]","[""eurosat"", ""pets""]",relative_to_task_best
convnextv2_tiny__e5_small_v2__baseline,convnextv2_tiny,e5_small_v2,baseline,5,0,0,0.8127891033391643,0.13284329197625241,0.13284329197625241,7.147457636892796,0.5930720997946006,cifar100,0.2851000130176544,0.04296736700625714,pets,0.0421195663511753,0.4259258901958427,"[""cifar100"", ""eurosat""]","[""coco_i2t"", ""pets""]",relative_to_task_best
convnext_tiny__e5_small_v2__baseline,convnext_tiny,e5_small_v2,baseline,5,0,0,0.8007192340627162,0.11569302665748506,0.11569302665748506,6.364455819129944,0.6191630614399722,cifar100,0.2657999992370605,0.10775425638501535,pets,0.0421195663511753,0.4259258901958427,"[""cifar100"", ""coco_t2i""]","[""eurosat"", ""pets""]",relative_to_task_best
swin_tiny__all_minilm_l6_v2__baseline,swin_tiny,all_minilm_l6_v2,baseline,5,0,0,0.7460330103068763,0.09057294646084753,0.09057294646084753,6.041481997817755,0.5920954418440507,pets,0.0652173906564712,0.11111108854474339,eurosat,0.1365432143211364,0.38691793731673085,"[""pets"", ""coco_t2i""]","[""cifar100"", ""eurosat""]",relative_to_task_best
swin_tiny__bge_small_en__baseline,swin_tiny,bge_small_en,baseline,5,0,0,0.7412486135509646,0.07415157515729959,0.07415157515729959,7.303331606090069,0.5350677801759804,pets,0.0625,0.14814811805965689,cifar100,0.1977999955415725,0.3360187937712247,"[""pets"", ""eurosat""]","[""coco_i2t"", ""cifar100""]",relative_to_task_best
swin_tiny__e5_small_v2__baseline,swin_tiny,e5_small_v2,baseline,5,0,0,0.7122824104491354,0.0919447014057529,0.0919447014057529,6.913436017930508,0.5284582252552763,eurosat,0.1943209916353225,0.12749443488089773,cifar100,0.1903000026941299,0.3611950041342097,"[""eurosat"", ""pets""]","[""coco_i2t"", ""cifar100""]",relative_to_task_best
dinov2_vits14__distilbert__baseline,dinov2_vits14,distilbert,baseline,5,0,0,0.7038448275280318,0.11044187490276051,0.11044187490276051,7.655073050409555,0.4962581701221837,cifar100,0.2457000017166137,0.17522655618098115,pets,0.0380434766411781,0.4814814852425432,"[""cifar100"", ""eurosat""]","[""coco_i2t"", ""pets""]",relative_to_task_best
convnext_tiny__distilbert__baseline,convnext_tiny,distilbert,baseline,5,0,0,0.6692272087523892,0.06320603262419969,0.06320603262419969,5.651045590639114,0.5491798578953535,cifar100,0.2345000058412552,0.21282305233213938,coco_i2t,0.1198000013828277,0.38627047287522964,"[""cifar100"", ""eurosat""]","[""pets"", ""coco_i2t""]",relative_to_task_best
efficientnet_b0__bge_small_en__baseline,efficientnet_b0,bge_small_en,baseline,5,0,0,0.6588792221195285,0.10584953733591117,0.10584953733591117,4.756009951233864,0.5893724771085901,pets,0.0584239140152931,0.20370366233202852,coco_i2t,0.1077999994158744,0.4477458939742668,"[""pets"", ""eurosat""]","[""coco_t2i"", ""coco_i2t""]",relative_to_task_best
efficientnet_b0__all_minilm_l6_v2__baseline,efficientnet_b0,all_minilm_l6_v2,baseline,5,0,0,0.6232097523031849,0.017022587526902826,0.017022587526902826,4.143067821860313,0.5972809117751156,eurosat,0.1439506113529205,0.3536585602474366,coco_i2t,0.1164000034332275,0.4036884954941544,"[""eurosat"", ""cifar100""]","[""coco_t2i"", ""coco_i2t""]",relative_to_task_best
convnextv2_tiny__distilbert__baseline,convnextv2_tiny,distilbert,baseline,5,0,0,0.6000796491445641,0.14629076015493558,0.14629076015493558,6.440119817852974,0.46128288467352496,cifar100,0.2486000061035156,0.16549173083069857,pets,0.0285326093435287,0.6111110885447433,"[""cifar100"", ""coco_t2i""]","[""eurosat"", ""pets""]",relative_to_task_best
efficientnet_b0__e5_small_v2__baseline,efficientnet_b0,e5_small_v2,baseline,5,0,0,0.5747944229843134,0.14029844061444993,0.14029844061444993,4.609422665089369,0.522269537421072,eurosat,0.185679018497467,0.16629708606610338,pets,0.03125,0.5740740590298284,"[""eurosat"", ""cifar100""]","[""coco_t2i"", ""pets""]",relative_to_task_best
swin_tiny__distilbert__baseline,swin_tiny,distilbert,baseline,5,0,0,0.5448971684873256,0.017384509861259074,0.017384509861259074,6.201211363077164,0.4268563045331168,cifar100,0.1668999940156936,0.4397448845097449,coco_i2t,0.101000003516674,0.48258193921211645,"[""cifar100"", ""eurosat""]","[""coco_t2i"", ""coco_i2t""]",relative_to_task_best
efficientnet_b0__distilbert__baseline,efficientnet_b0,distilbert,baseline,5,0,0,0.48398019973434303,0.19868344309563377,0.19868344309563377,3.805492166429758,0.48398019973434303,eurosat,0.1864197552204132,0.16297116174048276,pets,0.0217391308397054,0.7037036877191936,"[""eurosat"", ""cifar100""]","[""coco_i2t"", ""pets""]",relative_to_task_best
