arm,seed,pass,global_step,coco_dev_mean_R1,flickr_validation_mean_R1,completed_training
mixed_coco_cc3m,42,1,1431,0.24843426793813705,0.3970414251089096,True
mixed_coco_cc3m,42,2,2862,0.28706593066453934,0.4518737643957138,True
mixed_coco_cc3m,42,3,4293,0.3095012605190277,0.4764299839735031,True
mixed_coco_cc3m,42,4,5724,0.32347893714904785,0.48402367532253265,True
mixed_coco_cc3m,42,5,7155,0.3313176929950714,0.49812623858451843,True
mixed_coco_cc3m,42,6,8586,0.3374571055173874,0.5056212991476059,True
mixed_coco_cc3m,42,7,10017,0.3424762189388275,0.4976331442594528,True
mixed_coco_cc3m,42,8,11448,0.3465350866317749,0.516568049788475,True
mixed_coco_cc3m,42,9,12879,0.3506145179271698,0.5068047344684601,True
mixed_coco_cc3m,42,10,14310,0.35273389518260956,0.519428014755249,True
mixed_coco_cc3m,42,11,15741,0.35913310945034027,0.5212031602859497,True
mixed_coco_cc3m,42,12,17172,0.35269299149513245,0.5218935012817383,True
mixed_coco_cc3m,42,13,18603,0.3597925454378128,0.5281065106391907,True
mixed_coco_cc3m,42,14,20034,0.35747234523296356,0.527514785528183,True
mixed_coco_cc3m,42,15,21465,0.36633144319057465,0.5262327343225479,True
mixed_coco_cc3m,42,16,22896,0.3628118485212326,0.5285009890794754,True
mixed_coco_cc3m,42,17,24327,0.3646313399076462,0.530374750494957,True
mixed_coco_cc3m,42,18,25758,0.36217181384563446,0.5351084917783737,True
mixed_coco_cc3m,42,19,27189,0.36477163434028625,0.5312623381614685,True
mixed_coco_cc3m,42,20,28620,0.3662312179803848,0.5291913151741028,True
mixed_coco_cc3m,42,21,30051,0.36445142328739166,0.530473381280899,True
mixed_coco_cc3m,42,22,31482,0.3650316596031189,0.5286982208490372,True
mixed_coco_cc3m,42,23,32913,0.36391179263591766,0.5286982208490372,True
mixed_coco_cc3m,42,24,34344,0.36431173980236053,0.5268244445323944,True
mixed_coco_cc3m,43,1,1431,0.25447236001491547,0.4115384668111801,True
mixed_coco_cc3m,43,2,2862,0.2864866256713867,0.4463510811328888,True
mixed_coco_cc3m,43,3,4293,0.3058224320411682,0.4659763425588608,True
mixed_coco_cc3m,43,4,5724,0.3165404498577118,0.47504931688308716,True
mixed_coco_cc3m,43,5,7155,0.3345378190279007,0.49467456340789795,True
mixed_coco_cc3m,43,6,8586,0.33577801287174225,0.48698224127292633,True
mixed_coco_cc3m,43,7,10017,0.33611659705638885,0.5121301859617233,True
mixed_coco_cc3m,43,8,11448,0.34295591711997986,0.507199227809906,True
mixed_coco_cc3m,43,9,12879,0.3424760401248932,0.502859964966774,True
mixed_coco_cc3m,43,10,14310,0.34783385694026947,0.5145956575870514,True
mixed_coco_cc3m,43,11,15741,0.3500545024871826,0.5140039473772049,True
mixed_coco_cc3m,43,12,17172,0.3562532365322113,0.5180473476648331,True
mixed_coco_cc3m,43,13,18603,0.356933057308197,0.5191321521997452,True
mixed_coco_cc3m,43,14,20034,0.35743236541748047,0.5160749405622482,True
mixed_coco_cc3m,43,15,21465,0.3606119304895401,0.5239644795656204,True
mixed_coco_cc3m,43,16,22896,0.3610724210739136,0.5178500860929489,True
mixed_coco_cc3m,43,17,24327,0.36103183031082153,0.5224851965904236,True
mixed_coco_cc3m,43,18,25758,0.3626520037651062,0.5236686319112778,True
mixed_coco_cc3m,43,19,27189,0.3635914474725723,0.5217948704957962,True
mixed_coco_cc3m,43,20,28620,0.36489152908325195,0.524852067232132,True
mixed_coco_cc3m,43,21,30051,0.36411188542842865,0.5192307829856873,True
mixed_coco_cc3m,43,22,31482,0.36493170261383057,0.5220907330513,True
mixed_coco_cc3m,43,23,32913,0.3647118955850601,0.5181459486484528,True
mixed_coco_cc3m,43,24,34344,0.3647919297218323,0.5175542384386063,True
mixed_coco_cc3m,44,1,1431,0.2547730654478073,0.41410256922245026,True
mixed_coco_cc3m,44,2,2862,0.289787158370018,0.440631166100502,True
mixed_coco_cc3m,44,3,4293,0.30632284283638,0.45897436141967773,True
mixed_coco_cc3m,44,4,5724,0.32290077209472656,0.4764299839735031,True
mixed_coco_cc3m,44,5,7155,0.3290986269712448,0.4987179636955261,True
mixed_coco_cc3m,44,6,8586,0.3338176906108856,0.5035502910614014,True
mixed_coco_cc3m,44,7,10017,0.3436156213283539,0.5177514851093292,True
mixed_coco_cc3m,44,8,11448,0.34875498712062836,0.5266271978616714,True
mixed_coco_cc3m,44,9,12879,0.34895502030849457,0.5154832303524017,True
mixed_coco_cc3m,44,10,14310,0.34455472230911255,0.513905331492424,True
mixed_coco_cc3m,44,11,15741,0.35567349195480347,0.5325443595647812,True
mixed_coco_cc3m,44,12,17172,0.35773302614688873,0.5211045444011688,True
mixed_coco_cc3m,44,13,18603,0.35565315186977386,0.5302761346101761,True
mixed_coco_cc3m,44,14,20034,0.35695283114910126,0.5340236872434616,True
mixed_coco_cc3m,44,15,21465,0.358871728181839,0.5268244594335556,True
mixed_coco_cc3m,44,16,22896,0.3586117923259735,0.5217948853969574,True
mixed_coco_cc3m,44,17,24327,0.36293183267116547,0.5270216912031174,True
mixed_coco_cc3m,44,18,25758,0.3629514276981354,0.5317554175853729,True
mixed_coco_cc3m,44,19,27189,0.36657093465328217,0.5284023582935333,True
mixed_coco_cc3m,44,20,28620,0.36479127407073975,0.5320512801408768,True
mixed_coco_cc3m,44,21,30051,0.3658114820718765,0.5264299660921097,True
mixed_coco_cc3m,44,22,31482,0.3632911890745163,0.52633136510849,True
mixed_coco_cc3m,44,23,32913,0.36451108753681183,0.5256410092115402,True
mixed_coco_cc3m,44,24,34344,0.36439110338687897,0.5252465605735779,True
cc3m_only,42,1,1320,0.18636376410722733,0.3886587768793106,True
cc3m_only,42,2,2640,0.20765883475542068,0.41459566354751587,True
cc3m_only,42,3,3960,0.21729851514101028,0.432248517870903,True
cc3m_only,42,4,5280,0.21115685254335403,0.4457593560218811,True
cc3m_only,42,5,6600,0.22165654599666595,0.4497041404247284,True
cc3m_only,42,6,7920,0.2204563319683075,0.45167653262615204,True
cc3m_only,42,7,9240,0.22723571956157684,0.45887573063373566,True
cc3m_only,42,8,10560,0.23043493181467056,0.4568047374486923,True
cc3m_only,42,9,11880,0.22511524707078934,0.4468441754579544,True
cc3m_only,42,10,13200,0.23289471864700317,0.4647928923368454,True
cc3m_only,42,11,14520,0.2348746433854103,0.46735700964927673,True
cc3m_only,42,12,15840,0.23313456773757935,0.46952661871910095,True
cc3m_only,42,13,17160,0.2369137927889824,0.46627217531204224,True
cc3m_only,42,14,18480,0.2376340553164482,0.4612426161766052,True
cc3m_only,42,15,19800,0.23725412786006927,0.4736686497926712,True
cc3m_only,42,16,21120,0.23625421524047852,0.46222878992557526,True
cc3m_only,42,17,22440,0.23485439270734787,0.458579882979393,True
cc3m_only,42,18,23760,0.2407342717051506,0.4647929072380066,True
cc3m_only,42,19,25080,0.23635412752628326,0.4659763276576996,True
cc3m_only,42,20,26400,0.237554132938385,0.46548324823379517,True
cc3m_only,42,21,27720,0.236654132604599,0.46291911602020264,True
cc3m_only,42,22,29040,0.23579416424036026,0.4653846025466919,True
cc3m_only,42,23,30360,0.23701400309801102,0.466962531208992,True
cc3m_only,42,24,31680,0.2358941212296486,0.465285986661911,True
cc3m_only,43,1,1320,0.1830841451883316,0.3859960585832596,True
cc3m_only,43,2,2640,0.2085600644350052,0.41351084411144257,True
cc3m_only,43,3,3960,0.21491819620132446,0.43274161219596863,True
cc3m_only,43,4,5280,0.21815672516822815,0.4428994059562683,True
cc3m_only,43,5,6600,0.22197666764259338,0.45276133716106415,True
cc3m_only,43,6,7920,0.2196962684392929,0.4468441754579544,True
cc3m_only,43,7,9240,0.22635561972856522,0.4613412320613861,True
cc3m_only,43,8,10560,0.23051485419273376,0.4615384638309479,True
cc3m_only,43,9,11880,0.22673413902521133,0.46735700964927673,True
cc3m_only,43,10,13200,0.23241406679153442,0.4658777117729187,True
cc3m_only,43,11,14520,0.22799455374479294,0.4640039652585983,True
cc3m_only,43,12,15840,0.23401396721601486,0.46893490850925446,True
cc3m_only,43,13,17160,0.22963400930166245,0.4732741713523865,True
cc3m_only,43,14,18480,0.23087451606988907,0.47554241120815277,True
cc3m_only,43,15,19800,0.23393351584672928,0.470808669924736,True
cc3m_only,43,16,21120,0.23025403916835785,0.46390531957149506,True
cc3m_only,43,17,22440,0.23269354552030563,0.47120316326618195,True
cc3m_only,43,18,23760,0.22939424961805344,0.4665680527687073,True
cc3m_only,43,19,25080,0.23155386000871658,0.4704142063856125,True
cc3m_only,43,20,26400,0.23125425726175308,0.4710059016942978,True
cc3m_only,43,21,27720,0.23161379247903824,0.4714003950357437,True
cc3m_only,43,22,29040,0.23313386738300323,0.46844182908535004,True
cc3m_only,43,23,30360,0.23307372629642487,0.4686390459537506,True
cc3m_only,43,24,31680,0.23289362341165543,0.4715976417064667,True
cc3m_only,44,1,1320,0.18210365623235703,0.40246547758579254,True
cc3m_only,44,2,2640,0.2066195160150528,0.4123274236917496,True
cc3m_only,44,3,3960,0.21851744502782822,0.4424063116312027,True
cc3m_only,44,4,5280,0.21999745070934296,0.43767258524894714,True
cc3m_only,44,5,6600,0.21847640722990036,0.44595661759376526,True
cc3m_only,44,6,7920,0.23019525408744812,0.44940827786922455,True
cc3m_only,44,7,9240,0.22995442897081375,0.4408283978700638,True
cc3m_only,44,8,10560,0.23081476986408234,0.4670611470937729,True
cc3m_only,44,9,11880,0.22301550954580307,0.44260354340076447,True
cc3m_only,44,10,13200,0.2338351011276245,0.4625246524810791,True
cc3m_only,44,11,14520,0.234674334526062,0.45956605672836304,True
cc3m_only,44,12,15840,0.23013553768396378,0.4451676458120346,True
cc3m_only,44,13,17160,0.23321481049060822,0.4587771147489548,True
cc3m_only,44,14,18480,0.2350948229432106,0.4540434032678604,True
cc3m_only,44,15,19800,0.23503461480140686,0.4642011821269989,True
cc3m_only,44,16,21120,0.2360144481062889,0.4612426161766052,True
cc3m_only,44,17,22440,0.23329441994428635,0.4631163626909256,True
cc3m_only,44,18,23760,0.23943370580673218,0.46291913092136383,True
cc3m_only,44,19,25080,0.23795421421527863,0.461439847946167,True
cc3m_only,44,20,26400,0.23643404990434647,0.4607494920492172,True
cc3m_only,44,21,27720,0.23487433791160583,0.4586785137653351,True
cc3m_only,44,22,29040,0.23689428716897964,0.4607494920492172,True
cc3m_only,44,23,30360,0.23685412108898163,0.46055227518081665,True
cc3m_only,44,24,31680,0.23615412414073944,0.4607495218515396,True
