seed,epoch,path,bytes,inode,coco_dev_mean_R1,lr
42,1,checkpoints/token_projection_training/B_learned_query_attention/sensitivity/distill_strength_1p0__seed_42/epoch_01.pt,201823243,16520165461268692993,0.21763871610164642,0.002140605073955639
42,2,checkpoints/token_projection_training/B_learned_query_attention/sensitivity/distill_strength_1p0__seed_42/epoch_02.pt,201823243,14495306778195787777,0.30014365911483765,0.002537859425665334
42,3,checkpoints/token_projection_training/B_learned_query_attention/sensitivity/distill_strength_1p0__seed_42/epoch_03.pt,201823243,7432093587290128385,0.3479956388473511,0.002506637309249323
42,4,checkpoints/token_projection_training/B_learned_query_attention/sensitivity/distill_strength_1p0__seed_42/epoch_04.pt,201823243,4971519222922936321,0.36473284661769867,0.0024520266339178296
42,5,checkpoints/token_projection_training/B_learned_query_attention/sensitivity/distill_strength_1p0__seed_42/epoch_05.pt,201823243,3896057887706906625,0.3771701008081436,0.002375062590388216
42,6,checkpoints/token_projection_training/B_learned_query_attention/sensitivity/distill_strength_1p0__seed_42/epoch_06.pt,201823243,1442488821466726401,0.3853485733270645,0.002277204096041539
42,7,checkpoints/token_projection_training/B_learned_query_attention/sensitivity/distill_strength_1p0__seed_42/epoch_07.pt,201823243,18194423521080836097,0.39116762578487396,0.0021603061399316377
42,8,checkpoints/token_projection_training/B_learned_query_attention/sensitivity/distill_strength_1p0__seed_42/epoch_08.pt,201823243,8136432211798327297,0.39500682055950165,0.00202658461992663
42,9,checkpoints/token_projection_training/B_learned_query_attention/sensitivity/distill_strength_1p0__seed_42/epoch_09.pt,201823243,126645643393695745,0.40184563398361206,0.0018785743385240183
42,10,checkpoints/token_projection_training/B_learned_query_attention/sensitivity/distill_strength_1p0__seed_42/epoch_10.pt,201823243,11084594890688561153,0.4037848562002182,0.0017190809535636298
42,11,checkpoints/token_projection_training/B_learned_query_attention/sensitivity/distill_strength_1p0__seed_42/epoch_11.pt,201823243,6259670123952275457,0.40680500864982605,0.0015511277946525298
42,12,checkpoints/token_projection_training/B_learned_query_attention/sensitivity/distill_strength_1p0__seed_42/epoch_12.pt,201823243,6924023838346772481,0.41162368655204773,0.0013778985534407648
42,13,checkpoints/token_projection_training/B_learned_query_attention/sensitivity/distill_strength_1p0__seed_42/epoch_13.pt,201823243,5473269639853768705,0.4094441682100296,0.001202676934101364
42,14,checkpoints/token_projection_training/B_learned_query_attention/sensitivity/distill_strength_1p0__seed_42/epoch_14.pt,201823243,4713140374136946689,0.4106433242559433,0.0010287844079898854
42,15,checkpoints/token_projection_training/B_learned_query_attention/sensitivity/distill_strength_1p0__seed_42/epoch_15.pt,201823243,14806692750491844609,0.4103235602378845,0.000859517252395638
42,16,checkpoints/token_projection_training/B_learned_query_attention/sensitivity/distill_strength_1p0__seed_42/epoch_16.pt,201823243,2278848514520383489,0.415622815489769,0.0006980840668673688
42,17,checkpoints/token_projection_training/B_learned_query_attention/sensitivity/distill_strength_1p0__seed_42/epoch_17.pt,201823243,6065726034618679297,0.41536279022693634,0.0005475449515433472
42,18,checkpoints/token_projection_training/B_learned_query_attention/sensitivity/distill_strength_1p0__seed_42/epoch_18.pt,201823243,15251322428651077633,0.4174629747867584,0.00041075350041114674
42,19,checkpoints/token_projection_training/B_learned_query_attention/sensitivity/distill_strength_1p0__seed_42/epoch_19.pt,201823243,9811180546568159233,0.41714276373386383,0.00029030270906305446
42,20,checkpoints/token_projection_training/B_learned_query_attention/sensitivity/distill_strength_1p0__seed_42/epoch_20.pt,201823243,3111924278116352001,0.4175424128770828,0.00018847582231055714
42,21,checkpoints/token_projection_training/B_learned_query_attention/sensitivity/distill_strength_1p0__seed_42/epoch_21.pt,201823243,5142826337514618881,0.41744227707386017,0.00010720305338218752
42,22,checkpoints/token_projection_training/B_learned_query_attention/sensitivity/distill_strength_1p0__seed_42/epoch_22.pt,201823243,16989574772763656193,0.41784249246120453,4.8024995128303944e-05
42,23,checkpoints/token_projection_training/B_learned_query_attention/sensitivity/distill_strength_1p0__seed_42/epoch_23.pt,201823243,14790306512217243649,0.4185022860765457,1.2063416803800502e-05
42,24,checkpoints/token_projection_training/B_learned_query_attention/sensitivity/distill_strength_1p0__seed_42/epoch_24.pt,201823243,3129464802387558401,0.4183023273944855,0.0
43,1,checkpoints/token_projection_training/B_learned_query_attention/sensitivity/distill_strength_1p0__seed_43/epoch_01.pt,201823179,2943702614185476097,0.21881819516420364,0.002140605073955639
43,2,checkpoints/token_projection_training/B_learned_query_attention/sensitivity/distill_strength_1p0__seed_43/epoch_02.pt,201823179,12043080095058952193,0.30610279738903046,0.002537859425665334
43,3,checkpoints/token_projection_training/B_learned_query_attention/sensitivity/distill_strength_1p0__seed_43/epoch_03.pt,201823179,7040122164100005889,0.34737519919872284,0.002506637309249323
43,4,checkpoints/token_projection_training/B_learned_query_attention/sensitivity/distill_strength_1p0__seed_43/epoch_04.pt,201823179,18416710347670224897,0.36903178691864014,0.0024520266339178296
43,5,checkpoints/token_projection_training/B_learned_query_attention/sensitivity/distill_strength_1p0__seed_43/epoch_05.pt,201823179,17267676180966473729,0.38082897663116455,0.002375062590388216
43,6,checkpoints/token_projection_training/B_learned_query_attention/sensitivity/distill_strength_1p0__seed_43/epoch_06.pt,201823179,107072947641581569,0.38292860984802246,0.002277204096041539
43,7,checkpoints/token_projection_training/B_learned_query_attention/sensitivity/distill_strength_1p0__seed_43/epoch_07.pt,201823179,8049987399145553921,0.3894272446632385,0.0021603061399316377
43,8,checkpoints/token_projection_training/B_learned_query_attention/sensitivity/distill_strength_1p0__seed_43/epoch_08.pt,201823179,1804442012984737793,0.3960464149713516,0.00202658461992663
43,9,checkpoints/token_projection_training/B_learned_query_attention/sensitivity/distill_strength_1p0__seed_43/epoch_09.pt,201823179,3224475148480610305,0.39982593059539795,0.0018785743385240183
43,10,checkpoints/token_projection_training/B_learned_query_attention/sensitivity/distill_strength_1p0__seed_43/epoch_10.pt,201823179,4175103474025037825,0.4040447324514389,0.0017190809535636298
43,11,checkpoints/token_projection_training/B_learned_query_attention/sensitivity/distill_strength_1p0__seed_43/epoch_11.pt,201823179,516735476680359937,0.4076642096042633,0.0015511277946525298
43,12,checkpoints/token_projection_training/B_learned_query_attention/sensitivity/distill_strength_1p0__seed_43/epoch_12.pt,201823179,18131832381659348993,0.40940409898757935,0.0013778985534407648
43,13,checkpoints/token_projection_training/B_learned_query_attention/sensitivity/distill_strength_1p0__seed_43/epoch_13.pt,201823179,5818624095552077825,0.40970392525196075,0.001202676934101364
43,14,checkpoints/token_projection_training/B_learned_query_attention/sensitivity/distill_strength_1p0__seed_43/epoch_14.pt,201823179,3116078902373711873,0.41100360453128815,0.0010287844079898854
43,15,checkpoints/token_projection_training/B_learned_query_attention/sensitivity/distill_strength_1p0__seed_43/epoch_15.pt,201823179,3786534952434532353,0.413103312253952,0.000859517252395638
43,16,checkpoints/token_projection_training/B_learned_query_attention/sensitivity/distill_strength_1p0__seed_43/epoch_16.pt,201823179,14448041443791339521,0.4152035713195801,0.0006980840668673688
43,17,checkpoints/token_projection_training/B_learned_query_attention/sensitivity/distill_strength_1p0__seed_43/epoch_17.pt,201823179,14963221598928896001,0.4134635478258133,0.0005475449515433472
43,18,checkpoints/token_projection_training/B_learned_query_attention/sensitivity/distill_strength_1p0__seed_43/epoch_18.pt,201823179,6891444912446177281,0.41830265522003174,0.00041075350041114674
43,19,checkpoints/token_projection_training/B_learned_query_attention/sensitivity/distill_strength_1p0__seed_43/epoch_19.pt,201823179,15228105223389708289,0.4189629703760147,0.00029030270906305446
43,20,checkpoints/token_projection_training/B_learned_query_attention/sensitivity/distill_strength_1p0__seed_43/epoch_20.pt,201823179,9191688383551897601,0.4186228960752487,0.00018847582231055714
43,21,checkpoints/token_projection_training/B_learned_query_attention/sensitivity/distill_strength_1p0__seed_43/epoch_21.pt,201823179,9612266408447901697,0.41752268373966217,0.00010720305338218752
43,22,checkpoints/token_projection_training/B_learned_query_attention/sensitivity/distill_strength_1p0__seed_43/epoch_22.pt,201823179,9984977551297740801,0.419162392616272,4.8024995128303944e-05
43,23,checkpoints/token_projection_training/B_learned_query_attention/sensitivity/distill_strength_1p0__seed_43/epoch_23.pt,201823179,3085776859216871425,0.41940248012542725,1.2063416803800502e-05
43,24,checkpoints/token_projection_training/B_learned_query_attention/sensitivity/distill_strength_1p0__seed_43/epoch_24.pt,201823179,15402853232150577153,0.4193825274705887,0.0
44,1,checkpoints/token_projection_training/B_learned_query_attention/sensitivity/distill_strength_1p0__seed_44/epoch_01.pt,201823179,16987213036152815617,0.21979903429746628,0.002140605073955639
44,2,checkpoints/token_projection_training/B_learned_query_attention/sensitivity/distill_strength_1p0__seed_44/epoch_02.pt,201823179,15064620549264900097,0.30404312908649445,0.002537859425665334
44,3,checkpoints/token_projection_training/B_learned_query_attention/sensitivity/distill_strength_1p0__seed_44/epoch_03.pt,201823179,2504318653952950273,0.3461359143257141,0.002506637309249323
44,4,checkpoints/token_projection_training/B_learned_query_attention/sensitivity/distill_strength_1p0__seed_44/epoch_04.pt,201823179,12859482328500535297,0.36191268265247345,0.0024520266339178296
44,5,checkpoints/token_projection_training/B_learned_query_attention/sensitivity/distill_strength_1p0__seed_44/epoch_05.pt,201823179,7626850567562330113,0.3808901309967041,0.002375062590388216
44,6,checkpoints/token_projection_training/B_learned_query_attention/sensitivity/distill_strength_1p0__seed_44/epoch_06.pt,201823179,1467334288065560577,0.38980796933174133,0.002277204096041539
44,7,checkpoints/token_projection_training/B_learned_query_attention/sensitivity/distill_strength_1p0__seed_44/epoch_07.pt,201823179,11670976797260709889,0.3992074877023697,0.0021603061399316377
44,8,checkpoints/token_projection_training/B_learned_query_attention/sensitivity/distill_strength_1p0__seed_44/epoch_08.pt,201823179,17726999600544612353,0.4003264158964157,0.00202658461992663
44,9,checkpoints/token_projection_training/B_learned_query_attention/sensitivity/distill_strength_1p0__seed_44/epoch_09.pt,201823179,1109492954795737089,0.4041462689638138,0.0018785743385240183
44,10,checkpoints/token_projection_training/B_learned_query_attention/sensitivity/distill_strength_1p0__seed_44/epoch_10.pt,201823179,5583849301846196225,0.4061651676893234,0.0017190809535636298
44,11,checkpoints/token_projection_training/B_learned_query_attention/sensitivity/distill_strength_1p0__seed_44/epoch_11.pt,201823179,3304731054073774081,0.4097447395324707,0.0015511277946525298
44,12,checkpoints/token_projection_training/B_learned_query_attention/sensitivity/distill_strength_1p0__seed_44/epoch_12.pt,201823179,5436372170660839425,0.4122045785188675,0.0013778985534407648
44,13,checkpoints/token_projection_training/B_learned_query_attention/sensitivity/distill_strength_1p0__seed_44/epoch_13.pt,201823179,5572567613596041217,0.4123837947845459,0.001202676934101364
44,14,checkpoints/token_projection_training/B_learned_query_attention/sensitivity/distill_strength_1p0__seed_44/epoch_14.pt,201823179,2611507927874011137,0.40954311192035675,0.0010287844079898854
44,15,checkpoints/token_projection_training/B_learned_query_attention/sensitivity/distill_strength_1p0__seed_44/epoch_15.pt,201823179,13466195086517141505,0.41644373536109924,0.000859517252395638
44,16,checkpoints/token_projection_training/B_learned_query_attention/sensitivity/distill_strength_1p0__seed_44/epoch_16.pt,201823179,17329820082419924993,0.4152832627296448,0.0006980840668673688
44,17,checkpoints/token_projection_training/B_learned_query_attention/sensitivity/distill_strength_1p0__seed_44/epoch_17.pt,201823179,4665116611346825217,0.4155029058456421,0.0005475449515433472
44,18,checkpoints/token_projection_training/B_learned_query_attention/sensitivity/distill_strength_1p0__seed_44/epoch_18.pt,201823179,7608275522936832001,0.4193824827671051,0.00041075350041114674
44,19,checkpoints/token_projection_training/B_learned_query_attention/sensitivity/distill_strength_1p0__seed_44/epoch_19.pt,201823179,1946912071163314177,0.4241022914648056,0.00029030270906305446
44,20,checkpoints/token_projection_training/B_learned_query_attention/sensitivity/distill_strength_1p0__seed_44/epoch_20.pt,201823179,7072149992211611649,0.42056208848953247,0.00018847582231055714
44,21,checkpoints/token_projection_training/B_learned_query_attention/sensitivity/distill_strength_1p0__seed_44/epoch_21.pt,201823179,5172063190804463617,0.42122219502925873,0.00010720305338218752
44,22,checkpoints/token_projection_training/B_learned_query_attention/sensitivity/distill_strength_1p0__seed_44/epoch_22.pt,201823179,17761875560887091201,0.42150233685970306,4.8024995128303944e-05
44,23,checkpoints/token_projection_training/B_learned_query_attention/sensitivity/distill_strength_1p0__seed_44/epoch_23.pt,201823179,16823708867412295681,0.42170220613479614,1.2063416803800502e-05
44,24,checkpoints/token_projection_training/B_learned_query_attention/sensitivity/distill_strength_1p0__seed_44/epoch_24.pt,201823179,17148231841126023169,0.42162229120731354,0.0
