config_id,vision_encoder,text_encoder,variant,multitask_performance_score,headline_metrics,metric__cifar100_zeroshot__top1_accuracy,metric__coco_retrieval__coco5_i2t_R@1,metric__coco_retrieval__coco5_t2i_R@1,metric__eurosat_zeroshot__top1_accuracy,metric__pets_zeroshot__top1_accuracy,retrieval_unique_wins,retrieval_error_diversity,classification_unique_wins,classification_error_diversity,oracle_contribution,cross_task_specialisation,cost_adjusted_task_score,comparison,seed_variant,seed_runs,seed_values,mean_metric,standard_deviation,confidence_interval_low,confidence_interval_high,matched_delta_mean,matched_delta_ci_low,matched_delta_ci_high,win_count,tie_count,loss_count,reliability_status,seed_reliability_score,criterion_minimum_effect,criterion_minimum_runs,criterion_minimum_wins,latency_ms,peak_allocated_bytes,parameters,flops_per_batch,device_name,checkpoint,unique_win_contribution,error_diversity,vision_architecture_family,text_architecture_family,token_interface_readiness,multitask_performance_component,unique_wins_component,oracle_contribution_component,cross_task_specialisation_component,latency_efficiency_component,memory_efficiency_component,architectural_diversity_component,token_interface_readiness_component,selection_score,performance_score,efficiency_score
dinov2_vits14__all_minilm_l6_v2__local,dinov2_vits14,all_minilm_l6_v2,local,0.7478260869565216,5,0.26460000872612,0.1951999962329864,0.1604701429605484,0.1967901289463043,0.0421195663511753,0.14000909090909092,0.8076201635221792,0.09226933465085636,0.7602533752395155,0.005063410270173467,0.1561315904184588,0.6074774639597121,dinov2_minilm_local,local,5,"[42, 43, 44, 45, 46]",0.193240001797676,0.0034099802218883423,0.18900663090233036,0.19747337269302165,0.0054800033569335,-0.002959403114293601,0.0139194098281606,4.0,0.0,1.0,inconclusive,0.5,0.0,5.0,4.0,7.790524326264858,242586624.0,46026593,100576911360.0,NVIDIA RTX PRO 6000 Blackwell Server Edition,/mnt/fast/nobackup/scratch4weeks/pp01184/alignment_vlm/checkpoints/dinov2_vits14_all_minilm_l6_v2_local/best.pt,0.11613921277997363,0.7839367693808474,plain_vit,minilm_sentence_transformer,True,0.8260869565217391,1.0,0.30434782608695654,0.9565217391304348,0.34782608695652173,0.9130434782608695,0.5434782608695652,1.0,0.7326086956521741,0.7478260869565216,0.5597826086956521
dinov2_vits14__all_minilm_l6_v2__baseline,dinov2_vits14,all_minilm_l6_v2,baseline,0.7652173913043478,5,0.2610000073909759,0.179199993610382,0.1543535590171814,0.1930864155292511,0.0706521719694137,0.12544545454545453,0.8035115688590989,0.09685269807576569,0.7483903682219828,0.007953005904455133,0.0407476925794022,0.652209522933405,dinov2_minilm_local,baseline,5,"[42, 43, 44, 45, 46]",0.18775999844074245,0.007301236931768874,0.17869576876322932,0.1968242281182556,,,,0.0,0.0,0.0,supported,1.0,0.0,5.0,4.0,7.525923475623131,242279936.0,45953025,99875741696.0,NVIDIA RTX PRO 6000 Blackwell Server Edition,/mnt/fast/nobackup/scratch4weeks/pp01184/alignment_vlm/checkpoints/dinov2_vits14_all_minilm_l6_v2_baseline/best.pt,0.1111490763106101,0.7759509685405408,plain_vit,minilm_sentence_transformer,True,0.8695652173913043,0.8260869565217391,0.8695652173913043,0.13043478260869565,0.41304347826086957,0.9565217391304348,0.5434782608695652,1.0,0.7323913043478263,0.7652173913043478,0.6168478260869565
dinov2_vits14__bge_small_en__baseline,dinov2_vits14,bge_small_en,baseline,0.8347826086956521,5,0.2653000056743622,0.1736000031232834,0.1506756246089935,0.2227160483598709,0.0692934766411781,0.12278181818181819,0.8124312206059527,0.10677930228208003,0.7482973025711758,0.008351395598496967,0.0408933390327383,0.6299025833589228,,,0,,,,,,,,,,,,not_tested,0.25,,,,8.34284983575344,284867072.0,56599809,101753225216.0,NVIDIA RTX PRO 6000 Blackwell Server Edition,/mnt/fast/nobackup/scratch4weeks/pp01184/alignment_vlm/checkpoints/dinov2_vits14_bge_small_en_baseline/best.pt,0.1147805602319491,0.7803642615885642,plain_vit,bge_embedding_model,True,1.0,0.9565217391304348,0.9565217391304348,0.17391304347826086,0.2554347826086957,0.782608695652174,0.5434782608695652,1.0,0.725,0.8347826086956521,0.45312500000000006
convnextv2_tiny__all_minilm_l6_v2__baseline,convnextv2_tiny,all_minilm_l6_v2,baseline,0.7913043478260869,5,0.29789999127388,0.1700000017881393,0.1502358615398407,0.2153086364269256,0.0516304336488246,0.11672727272727274,0.7984297238003335,0.10513662998747536,0.7408291549328914,0.0048967436035067995,0.1049235282947566,0.6972951135617211,convnextv2_minilm_local_global,baseline,5,"[42, 43, 44, 45, 46]",0.17732000052928917,0.007886187174250716,0.16752957563344226,0.1871104254251361,,,,0.0,0.0,0.0,supported,1.0,0.0,5.0,4.0,6.276567000895739,367327744.0,51959553,73178107904.0,NVIDIA RTX PRO 6000 Blackwell Server Edition,/mnt/fast/nobackup/scratch4weeks/pp01184/alignment_vlm/checkpoints/convnextv2_tiny_all_minilm_l6_v2_baseline/best.pt,0.11093195135737405,0.7696294393666124,convnext_cnn,minilm_sentence_transformer,True,0.9130434782608695,0.782608695652174,0.21739130434782608,0.6086956521739131,0.7010869565217391,0.5652173913043478,0.21739130434782608,1.0,0.6975,0.7913043478260869,0.6501358695652174
dinov2_vits14__bge_small_en__local,dinov2_vits14,bge_small_en,local,0.7434782608695653,5,0.2614000141620636,0.1824000030755996,0.154113695025444,0.2138271629810333,0.050271738320589,0.1296909090909091,0.8098603180555056,0.09842622318189947,0.7530293848757089,0.0069681248881731,0.1036689170391214,0.5897750821926433,,,0,,,,,,,,,,,,not_tested,0.25,,,,8.540116250514984,285173760.0,56673377,102454394880.0,NVIDIA RTX PRO 6000 Blackwell Server Edition,/mnt/fast/nobackup/scratch4weeks/pp01184/alignment_vlm/checkpoints/dinov2_vits14_bge_small_en_local/best.pt,0.11405856613640429,0.7814448514656073,plain_vit,bge_embedding_model,True,0.782608695652174,0.9130434782608695,0.7391304347826086,0.5652173913043478,0.19565217391304346,0.7391304347826086,0.5434782608695652,1.0,0.6733695652173913,0.7434782608695653,0.39945652173913043
convnextv2_tiny__all_minilm_l6_v2__local_global,convnextv2_tiny,all_minilm_l6_v2,local_global,0.8043478260869564,5,0.2930000126361847,0.1829999983310699,0.1547933220863342,0.1832098811864853,0.0584239140152931,0.12875454545454545,0.8035485904066785,0.0940882687584378,0.7277831352311283,0.0050776256933261,0.0765530065447626,0.671582009875963,convnextv2_minilm_local_global,local_global,5,"[42, 43, 44, 45, 46]",0.18212000131607056,0.005347149053046651,0.17548170323183493,0.1887582994003062,0.0048000007867813,-0.0087359514783364,0.018335953051899,3.0,0.0,2.0,inconclusive,0.5,0.0,5.0,4.0,6.848302017897368,367886848.0,52135425,73968867328.0,NVIDIA RTX PRO 6000 Blackwell Server Edition,/mnt/fast/nobackup/scratch4weeks/pp01184/alignment_vlm/checkpoints/convnextv2_tiny_all_minilm_l6_v2_local_global/best.pt,0.11142140710649162,0.7656658628189034,convnext_cnn,minilm_sentence_transformer,True,0.9565217391304348,0.8695652173913043,0.34782608695652173,0.391304347826087,0.5760869565217391,0.5217391304347826,0.21739130434782608,1.0,0.663913043478261,0.8043478260869564,0.5557065217391304
convnext_tiny__all_minilm_l6_v2__baseline,convnext_tiny,all_minilm_l6_v2,baseline,0.6782608695652174,5,0.264299988746643,0.1852000057697296,0.1576317250728607,0.1748148202896118,0.0489130429923534,0.1295909090909091,0.7991101875313138,0.08409313790074656,0.740840477145808,0.0057873501520844,0.1152508606655163,0.7066875933445467,,,0,,,,,,,,,,,,not_tested,0.25,,,,5.557092558592558,328419840.0,51913185,73178107904.0,NVIDIA RTX PRO 6000 Blackwell Server Edition,/mnt/fast/nobackup/scratch4weeks/pp01184/alignment_vlm/checkpoints/convnext_tiny_all_minilm_l6_v2_baseline/best.pt,0.10684202349582783,0.769975332338561,convnext_cnn,minilm_sentence_transformer,True,0.6521739130434783,0.6521739130434783,0.6521739130434783,0.7391304347826086,0.7989130434782609,0.6521739130434783,0.21739130434782608,1.0,0.6447826086956523,0.6782608695652174,0.7438858695652174
convnext_tiny__bge_small_en__baseline,convnext_tiny,bge_small_en,baseline,0.7347826086956522,5,0.2694000005722046,0.1777999997138977,0.1488366574048996,0.1990123391151428,0.050271738320589,0.12424545454545455,0.8028251662239977,0.09088602856259857,0.7282044030871251,0.005396555734478367,0.0902262387567572,0.6560552928151415,,,0,,,,,,,,,,,,not_tested,0.25,,,,6.604635808616877,369827328.0,62559969,75055591424.0,NVIDIA RTX PRO 6000 Blackwell Server Edition,/mnt/fast/nobackup/scratch4weeks/pp01184/alignment_vlm/checkpoints/convnext_tiny_bge_small_en_baseline/best.pt,0.10756574155402657,0.7655147846555614,convnext_cnn,bge_embedding_model,True,0.7391304347826086,0.7391304347826086,0.4782608695652174,0.43478260869565216,0.5108695652173914,0.4782608695652174,0.21739130434782608,1.0,0.5829347826086956,0.7347826086956522,0.49864130434782616
dinov2_vits14__e5_small_v2__baseline,dinov2_vits14,e5_small_v2,baseline,0.7043478260869566,5,0.2635000050067901,0.1622000038623809,0.1341648697853088,0.1970370411872863,0.073369562625885,0.11487272727272728,0.820655323288017,0.09930575237072818,0.7425873324152494,0.007002540704956067,0.0608539478991784,0.5871890974039775,,,0,,,,,,,,,,,,not_tested,0.25,,,,8.688510674983263,285366784.0,56599809,102439780352.0,NVIDIA RTX PRO 6000 Blackwell Server Edition,/mnt/fast/nobackup/scratch4weeks/pp01184/alignment_vlm/checkpoints/dinov2_vits14_e5_small_v2_baseline/best.pt,0.10708923982172773,0.7816213278516333,plain_vit,e5_embedding_model,True,0.6956521739130435,0.6956521739130435,0.782608695652174,0.21739130434782608,0.20108695652173916,0.6956521739130435,0.5434782608695652,1.0,0.5765217391304349,0.7043478260869566,0.38654891304347827
convnext_tiny__e5_small_v2__baseline,convnext_tiny,e5_small_v2,baseline,0.5565217391304348,5,0.2657999992370605,0.1659999936819076,0.1390421390533447,0.1827160567045211,0.0421195663511753,0.1161,0.81123918897888,0.08332351412677497,0.7368378424538653,0.005450089461442033,0.115693026657485,0.6191630614399722,,,0,,,,,,,,,,,,not_tested,0.25,,,,6.364455819129944,371564032.0,62559969,75742146560.0,NVIDIA RTX PRO 6000 Blackwell Server Edition,/mnt/fast/nobackup/scratch4weeks/pp01184/alignment_vlm/checkpoints/convnext_tiny_e5_small_v2_baseline/best.pt,0.09971175706338747,0.7740385157163727,convnext_cnn,e5_embedding_model,True,0.5217391304347826,0.5652173913043478,0.5652173913043478,0.782608695652174,0.5217391304347826,0.43478260869565216,0.21739130434782608,1.0,0.5505434782608697,0.5565217391304348,0.4891304347826087
swin_tiny__e5_small_v2__baseline,swin_tiny,e5_small_v2,baseline,0.4521739130434783,5,0.1903000026941299,0.125,0.1043815463781356,0.1943209916353225,0.0557065233588218,0.08421818181818182,0.8238087528011715,0.07948132045088563,0.7640108911188616,0.008020119878332333,0.0919447014057529,0.5284582252552763,,,0,,,,,,,,,,,,not_tested,0.25,,,,6.913436017930508,387541504.0,62259195,76302712832.0,NVIDIA RTX PRO 6000 Blackwell Server Edition,/mnt/fast/nobackup/scratch4weeks/pp01184/alignment_vlm/checkpoints/swin_tiny_e5_small_v2_baseline/best.pt,0.08184975113453372,0.7939098219600165,hierarchical_vit,e5_embedding_model,True,0.391304347826087,0.34782608695652173,0.9130434782608695,0.5217391304347826,0.4402173913043478,0.391304347826087,0.8478260869565217,1.0,0.5156521739130435,0.4521739130434783,0.421875
convnextv2_tiny__bge_small_en__baseline,convnextv2_tiny,bge_small_en,baseline,0.6521739130434783,5,0.2849000096321106,0.1705999970436096,0.1453985720872879,0.1683950573205948,0.0611413046717643,0.11797272727272728,0.8018329678049677,0.09131696107613979,0.7406693227467354,0.005526856324923867,0.0677897787071079,0.6299979537143645,,,0,,,,,,,,,,,,not_tested,0.25,,,,7.1768637746572495,410832384.0,62606337,75055591424.0,NVIDIA RTX PRO 6000 Blackwell Server Edition,/mnt/fast/nobackup/scratch4weeks/pp01184/alignment_vlm/checkpoints/convnextv2_tiny_bge_small_en_baseline/best.pt,0.10464484417443354,0.7712511452758515,convnext_cnn,bge_embedding_model,True,0.6086956521739131,0.6086956521739131,0.6086956521739131,0.30434782608695654,0.40217391304347827,0.2391304347826087,0.21739130434782608,1.0,0.5042391304347826,0.6521739130434783,0.3410326086956522
dinov2_vits14__distilbert__baseline,dinov2_vits14,distilbert,baseline,0.3652173913043478,5,0.2457000017166137,0.1324000060558319,0.110458143055439,0.1802469193935394,0.0380434766411781,0.09475454545454545,0.8462365916832962,0.08551126197563393,0.7796248906176839,0.0112398371801753,0.1104418749027605,0.4962581701221837,,,0,,,,,,,,,,,,not_tested,0.25,,,,7.655073050409555,419219456.0,89799297,105491136512.0,NVIDIA RTX PRO 6000 Blackwell Server Edition,/mnt/fast/nobackup/scratch4weeks/pp01184/alignment_vlm/checkpoints/dinov2_vits14_distilbert_baseline/best.pt,0.0901329037150897,0.81293074115049,plain_vit,masked_language_model,True,0.34782608695652173,0.4782608695652174,1.0,0.6956521739130435,0.16304347826086957,0.17391304347826086,0.5434782608695652,1.0,0.5031521739130436,0.3652173913043478,0.1671195652173913
efficientnet_b0__bge_small_en__baseline,efficientnet_b0,bge_small_en,baseline,0.30869565217391304,5,0.1811999976634979,0.1077999994158744,0.0901095420122146,0.1728395074605941,0.0584239140152931,0.07366363636363636,0.8447185890347403,0.070840169000797,0.7549899597602745,0.005406915369475701,0.1058495373359111,0.5893724771085901,,,0,,,,,,,,,,,,not_tested,0.25,,,,4.756009951233864,267148800.0,39009533,9936129536.0,NVIDIA RTX PRO 6000 Blackwell Server Edition,/mnt/fast/nobackup/scratch4weeks/pp01184/alignment_vlm/checkpoints/efficientnet_b0_bge_small_en_baseline/best.pt,0.07225190268221668,0.7998542743975074,efficient_cnn,bge_embedding_model,True,0.2608695652173913,0.21739130434782608,0.5217391304347826,0.6521739130434783,0.9076086956521738,0.8260869565217391,0.8478260869565217,1.0,0.4984782608695652,0.30869565217391304,0.8770380434782608
swin_tiny__bge_small_en__baseline,swin_tiny,bge_small_en,baseline,0.4782608695652174,5,0.1977999955415725,0.1342000067234039,0.1116574704647064,0.1797530800104141,0.0625,0.09115454545454545,0.819717281897317,0.08065996153157985,0.7622929087081342,0.0064237162283055,0.0741515751572995,0.5350677801759804,,,0,,,,,,,,,,,,not_tested,0.25,,,,7.303331606090069,387738112.0,62259195,75616157696.0,NVIDIA RTX PRO 6000 Blackwell Server Edition,/mnt/fast/nobackup/scratch4weeks/pp01184/alignment_vlm/checkpoints/swin_tiny_bge_small_en_baseline/best.pt,0.08590725349306265,0.7910050953027256,hierarchical_vit,bge_embedding_model,True,0.4782608695652174,0.391304347826087,0.6956521739130435,0.34782608695652173,0.40760869565217395,0.34782608695652173,0.8478260869565217,1.0,0.4897826086956522,0.4782608695652174,0.3851902173913043
swin_tiny__all_minilm_l6_v2__baseline,swin_tiny,all_minilm_l6_v2,baseline,0.4608695652173913,5,0.2099000066518783,0.1449999958276748,0.1252898424863815,0.1365432143211364,0.0652173906564712,0.09936363636363636,0.8151848671987956,0.07375577310951703,0.7707933234773566,0.0038384952585434665,0.0905729464608475,0.5920954418440507,,,0,,,,,,,,,,,,not_tested,0.25,,,,6.041481997817755,344954368.0,51612411,73738674176.0,NVIDIA RTX PRO 6000 Blackwell Server Edition,/mnt/fast/nobackup/scratch4weeks/pp01184/alignment_vlm/checkpoints/swin_tiny_all_minilm_l6_v2_baseline/best.pt,0.0865597047365767,0.792989095338076,hierarchical_vit,minilm_sentence_transformer,True,0.43478260869565216,0.43478260869565216,0.17391304347826086,0.4782608695652174,0.75,0.6086956521739131,0.8478260869565217,1.0,0.48402173913043484,0.4608695652173913,0.6970108695652174
convnextv2_tiny__e5_small_v2__baseline,convnextv2_tiny,e5_small_v2,baseline,0.6260869565217391,5,0.2851000130176544,0.1570000052452087,0.130606859922409,0.2037037014961242,0.0421195663511753,0.108,0.8087217367502176,0.0912214182891719,0.7239183989565788,0.0037800590445517,0.1328432919762524,0.5930720997946006,,,0,,,,,,,,,,,,not_tested,0.25,,,,7.147457636892796,410832384.0,62606337,75742146560.0,NVIDIA RTX PRO 6000 Blackwell Server Edition,/mnt/fast/nobackup/scratch4weeks/pp01184/alignment_vlm/checkpoints/convnextv2_tiny_e5_small_v2_baseline/best.pt,0.09961070914458595,0.7663200678533982,convnext_cnn,e5_embedding_model,True,0.5652173913043478,0.5217391304347826,0.13043478260869565,0.8260869565217391,0.391304347826087,0.2391304347826087,0.21739130434782608,1.0,0.4779347826086956,0.6260869565217391,0.3342391304347826
efficientnet_b0__all_minilm_l6_v2__baseline,efficientnet_b0,all_minilm_l6_v2,baseline,0.25652173913043474,5,0.1878000050783157,0.1164000034332275,0.098424881696701,0.1439506113529205,0.0461956523358821,0.08179090909090908,0.8488349179421438,0.06529677532165452,0.7782311110885215,0.0053167561281087,0.0170225875269028,0.5972809117751156,,,0,,,,,,,,,,,,not_tested,0.25,,,,4.143067821860313,224102912.0,28362749,8058646016.0,NVIDIA RTX PRO 6000 Blackwell Server Edition,/mnt/fast/nobackup/scratch4weeks/pp01184/alignment_vlm/checkpoints/efficientnet_b0_all_minilm_l6_v2_baseline/best.pt,0.0735438422062818,0.8135330145153327,efficient_cnn,minilm_sentence_transformer,True,0.21739130434782608,0.2608695652173913,0.43478260869565216,0.043478260869565216,0.9782608695652174,1.0,0.8478260869565217,1.0,0.42815217391304344,0.25652173913043474,0.9864130434782609
efficientnet_b0__e5_small_v2__baseline,efficientnet_b0,e5_small_v2,baseline,0.2,5,0.1777999997138977,0.0997999981045723,0.0812345072627067,0.185679018497467,0.03125,0.06864545454545455,0.8549441881698837,0.06632354218513635,0.7636874793757934,0.003442610484880933,0.1402984406144499,0.522269537421072,,,0,,,,,,,,,,,,not_tested,0.25,,,,4.609422665089369,266165760.0,39009533,10622684672.0,NVIDIA RTX PRO 6000 Blackwell Server Edition,/mnt/fast/nobackup/scratch4weeks/pp01184/alignment_vlm/checkpoints/efficientnet_b0_e5_small_v2_baseline/best.pt,0.06748449836529545,0.8093158337728386,efficient_cnn,e5_embedding_model,True,0.13043478260869565,0.13043478260869565,0.08695652173913043,0.8695652173913043,0.9184782608695652,0.8695652173913043,0.8478260869565217,1.0,0.4243478260869565,0.2,0.9001358695652174
efficientnet_b0__distilbert__baseline,efficientnet_b0,distilbert,baseline,0.16521739130434782,5,0.1685999929904937,0.068400003015995,0.0594067312777042,0.1864197552204132,0.0217391308397054,0.04625454545454546,0.8855210738119891,0.06258763114234125,0.7693724991595366,0.0031444802290212337,0.1986834430956337,0.483980199734343,,,0,,,,,,,,,,,,not_tested,0.25,,,,3.805492166429758,399502336.0,72209021,13674040832.0,NVIDIA RTX PRO 6000 Blackwell Server Edition,/mnt/fast/nobackup/scratch4weeks/pp01184/alignment_vlm/checkpoints/efficientnet_b0_distilbert_baseline/best.pt,0.05442108829844336,0.8274467864857629,efficient_cnn,masked_language_model,True,0.08695652173913043,0.043478260869565216,0.043478260869565216,1.0,0.7717391304347826,0.30434782608695654,0.8478260869565217,1.0,0.3601086956521739,0.16521739130434782,0.5964673913043479
convnext_tiny__distilbert__baseline,convnext_tiny,distilbert,baseline,0.3173913043478261,5,0.2345000058412552,0.1198000013828277,0.1017030477523803,0.1518518477678299,0.0461956523358821,0.0835,0.8441286867255989,0.07356215455684051,0.7534710919139036,0.005136697083556934,0.0632060326241996,0.5491798578953535,,,0,,,,,,,,,,,,not_tested,0.25,,,,5.651045590639114,504179712.0,95759457,78793502720.0,NVIDIA RTX PRO 6000 Blackwell Server Edition,/mnt/fast/nobackup/scratch4weeks/pp01184/alignment_vlm/checkpoints/convnext_tiny_distilbert_baseline/best.pt,0.07853107727842026,0.7987998893197512,convnext_cnn,masked_language_model,True,0.30434782608695654,0.30434782608695654,0.391304347826087,0.2608695652173913,0.5054347826086957,0.13043478260869565,0.21739130434782608,1.0,0.34673913043478266,0.3173913043478261,0.3648097826086957
convnextv2_tiny__distilbert__baseline,convnextv2_tiny,distilbert,baseline,0.23478260869565215,5,0.2486000061035156,0.1129999980330467,0.1056208536028862,0.1202469170093536,0.0285326093435287,0.0762090909090909,0.836545119195398,0.060275408676133284,0.7500545839844879,0.004915333691179033,0.1462907601549355,0.4612828846735249,,,0,,,,,,,,,,,,not_tested,0.25,,,,6.440119817852974,544365568.0,95805825,78793502720.0,NVIDIA RTX PRO 6000 Blackwell Server Edition,/mnt/fast/nobackup/scratch4weeks/pp01184/alignment_vlm/checkpoints/convnextv2_tiny_distilbert_baseline/best.pt,0.06824224979261209,0.793299851589943,convnext_cnn,masked_language_model,True,0.17391304347826086,0.17391304347826086,0.2608695652173913,0.9130434782608695,0.38586956521739124,0.043478260869565216,0.21739130434782608,1.0,0.33608695652173914,0.23478260869565215,0.2574728260869565
swin_tiny__distilbert__baseline,swin_tiny,distilbert,baseline,0.12173913043478261,5,0.1668999940156936,0.101000003516674,0.0852722451090812,0.1246913596987724,0.0407608710229396,0.07005454545454545,0.8574546711113714,0.06027975121586229,0.8092476016966174,0.007381705135086666,0.017384509861259,0.4268563045331168,,,0,,,,,,,,,,,,not_tested,0.25,,,,6.201211363077164,521992192.0,95458683,79354068992.0,NVIDIA RTX PRO 6000 Blackwell Server Edition,/mnt/fast/nobackup/scratch4weeks/pp01184/alignment_vlm/checkpoints/swin_tiny_distilbert_baseline/best.pt,0.06516714833520387,0.8333511364039944,hierarchical_vit,masked_language_model,True,0.043478260869565216,0.08695652173913043,0.8260869565217391,0.08695652173913043,0.45652173913043476,0.08695652173913043,0.8478260869565217,1.0,0.3042391304347826,0.12173913043478261,0.3179347826086956
