direction,query_id,query,positive_id,positive_rank_seed42,positive_item,ranks_all_seeds,top10_seed42,retrieved_items_seed42,predeclared_categories
t2i,18952::caption_1,A brunet male in a brown blazer talking to an audience at a comedian show.,18952,37,"{""image_id"": ""18952"", ""image_path"": ""data/flickr30k/validation_images/18952.jpg""}","{""42.0"": 37, ""43.0"": 67, ""44.0"": 33}","[""26268"", ""26632"", ""28430"", ""11190"", ""27707"", ""4840"", ""10741"", ""22291"", ""12521"", ""29095""]","[{""image_id"": ""26268"", ""image_path"": ""data/flickr30k/validation_images/26268.jpg""}, {""image_id"": ""26632"", ""image_path"": ""data/flickr30k/validation_images/26632.jpg""}, {""image_id"": ""28430"", ""image_path"": ""data/flickr30k/validation_images/28430.jpg""}, {""image_id"": ""11190"", ""image_path"": ""data/flickr30k/validation_images/11190.jpg""}, {""image_id"": ""27707"", ""image_path"": ""data/flickr30k/validation_images/27707.jpg""}, {""image_id"": ""4840"", ""image_path"": ""data/flickr30k/validation_images/4840.jpg""}, {""image_id"": ""10741"", ""image_path"": ""data/flickr30k/validation_images/10741.jpg""}, {""image_id"": ""22291"", ""image_path"": ""data/flickr30k/validation_images/22291.jpg""}, {""image_id"": ""12521"", ""image_path"": ""data/flickr30k/validation_images/12521.jpg""}, {""image_id"": ""29095"", ""image_path"": ""data/flickr30k/validation_images/29095.jpg""}]","[""fine_grained_attribute"", ""counting_quantity"", ""spatial_relation"", ""action_interaction"", ""object_category_confusion"", ""scene_context_confusion"", ""text_ocr_content"", ""annotation_ambiguity"", ""other""]"
t2i,2256::caption_0,"A young woman and older woman wear traditional saris as they spin textiles, three people are pictured at only the waists, and wear modern clothes.",2256,83,"{""image_id"": ""2256"", ""image_path"": ""data/flickr30k/validation_images/2256.jpg""}","{""42.0"": 83, ""43.0"": 20, ""44.0"": 19}","[""20853"", ""5752"", ""14199"", ""29492"", ""1478"", ""28990"", ""1162"", ""26141"", ""22099"", ""18440""]","[{""image_id"": ""20853"", ""image_path"": ""data/flickr30k/validation_images/20853.jpg""}, {""image_id"": ""5752"", ""image_path"": ""data/flickr30k/validation_images/5752.jpg""}, {""image_id"": ""14199"", ""image_path"": ""data/flickr30k/validation_images/14199.jpg""}, {""image_id"": ""29492"", ""image_path"": ""data/flickr30k/validation_images/29492.jpg""}, {""image_id"": ""1478"", ""image_path"": ""data/flickr30k/validation_images/1478.jpg""}, {""image_id"": ""28990"", ""image_path"": ""data/flickr30k/validation_images/28990.jpg""}, {""image_id"": ""1162"", ""image_path"": ""data/flickr30k/validation_images/1162.jpg""}, {""image_id"": ""26141"", ""image_path"": ""data/flickr30k/validation_images/26141.jpg""}, {""image_id"": ""22099"", ""image_path"": ""data/flickr30k/validation_images/22099.jpg""}, {""image_id"": ""18440"", ""image_path"": ""data/flickr30k/validation_images/18440.jpg""}]","[""fine_grained_attribute"", ""counting_quantity"", ""spatial_relation"", ""action_interaction"", ""object_category_confusion"", ""scene_context_confusion"", ""text_ocr_content"", ""annotation_ambiguity"", ""other""]"
t2i,10810::caption_4,Somebody in the street with some sweatpants on.,10810,49,"{""image_id"": ""10810"", ""image_path"": ""data/flickr30k/validation_images/10810.jpg""}","{""42.0"": 49, ""43.0"": 52, ""44.0"": 59}","[""23945"", ""22003"", ""25205"", ""1271"", ""7330"", ""22213"", ""19253"", ""15329"", ""21091"", ""27246""]","[{""image_id"": ""23945"", ""image_path"": ""data/flickr30k/validation_images/23945.jpg""}, {""image_id"": ""22003"", ""image_path"": ""data/flickr30k/validation_images/22003.jpg""}, {""image_id"": ""25205"", ""image_path"": ""data/flickr30k/validation_images/25205.jpg""}, {""image_id"": ""1271"", ""image_path"": ""data/flickr30k/validation_images/1271.jpg""}, {""image_id"": ""7330"", ""image_path"": ""data/flickr30k/validation_images/7330.jpg""}, {""image_id"": ""22213"", ""image_path"": ""data/flickr30k/validation_images/22213.jpg""}, {""image_id"": ""19253"", ""image_path"": ""data/flickr30k/validation_images/19253.jpg""}, {""image_id"": ""15329"", ""image_path"": ""data/flickr30k/validation_images/15329.jpg""}, {""image_id"": ""21091"", ""image_path"": ""data/flickr30k/validation_images/21091.jpg""}, {""image_id"": ""27246"", ""image_path"": ""data/flickr30k/validation_images/27246.jpg""}]","[""fine_grained_attribute"", ""counting_quantity"", ""spatial_relation"", ""action_interaction"", ""object_category_confusion"", ""scene_context_confusion"", ""text_ocr_content"", ""annotation_ambiguity"", ""other""]"
t2i,5553::caption_0,Two young couples posing for a picture in exercise clothing.,5553,96,"{""image_id"": ""5553"", ""image_path"": ""data/flickr30k/validation_images/5553.jpg""}","{""42.0"": 96, ""43.0"": 63, ""44.0"": 59}","[""30177"", ""8339"", ""20478"", ""9174"", ""14824"", ""22639"", ""30369"", ""29884"", ""4054"", ""10244""]","[{""image_id"": ""30177"", ""image_path"": ""data/flickr30k/validation_images/30177.jpg""}, {""image_id"": ""8339"", ""image_path"": ""data/flickr30k/validation_images/8339.jpg""}, {""image_id"": ""20478"", ""image_path"": ""data/flickr30k/validation_images/20478.jpg""}, {""image_id"": ""9174"", ""image_path"": ""data/flickr30k/validation_images/9174.jpg""}, {""image_id"": ""14824"", ""image_path"": ""data/flickr30k/validation_images/14824.jpg""}, {""image_id"": ""22639"", ""image_path"": ""data/flickr30k/validation_images/22639.jpg""}, {""image_id"": ""30369"", ""image_path"": ""data/flickr30k/validation_images/30369.jpg""}, {""image_id"": ""29884"", ""image_path"": ""data/flickr30k/validation_images/29884.jpg""}, {""image_id"": ""4054"", ""image_path"": ""data/flickr30k/validation_images/4054.jpg""}, {""image_id"": ""10244"", ""image_path"": ""data/flickr30k/validation_images/10244.jpg""}]","[""fine_grained_attribute"", ""counting_quantity"", ""spatial_relation"", ""action_interaction"", ""object_category_confusion"", ""scene_context_confusion"", ""text_ocr_content"", ""annotation_ambiguity"", ""other""]"
t2i,20129::caption_2,A man holding a sign and a man playing a guitar are speaking in front of a crowd.,20129,222,"{""image_id"": ""20129"", ""image_path"": ""data/flickr30k/validation_images/20129.jpg""}","{""42.0"": 222, ""43.0"": 190, ""44.0"": 188}","[""19141"", ""3304"", ""20171"", ""17212"", ""27707"", ""4561"", ""30188"", ""26268"", ""18126"", ""1103""]","[{""image_id"": ""19141"", ""image_path"": ""data/flickr30k/validation_images/19141.jpg""}, {""image_id"": ""3304"", ""image_path"": ""data/flickr30k/validation_images/3304.jpg""}, {""image_id"": ""20171"", ""image_path"": ""data/flickr30k/validation_images/20171.jpg""}, {""image_id"": ""17212"", ""image_path"": ""data/flickr30k/validation_images/17212.jpg""}, {""image_id"": ""27707"", ""image_path"": ""data/flickr30k/validation_images/27707.jpg""}, {""image_id"": ""4561"", ""image_path"": ""data/flickr30k/validation_images/4561.jpg""}, {""image_id"": ""30188"", ""image_path"": ""data/flickr30k/validation_images/30188.jpg""}, {""image_id"": ""26268"", ""image_path"": ""data/flickr30k/validation_images/26268.jpg""}, {""image_id"": ""18126"", ""image_path"": ""data/flickr30k/validation_images/18126.jpg""}, {""image_id"": ""1103"", ""image_path"": ""data/flickr30k/validation_images/1103.jpg""}]","[""fine_grained_attribute"", ""counting_quantity"", ""spatial_relation"", ""action_interaction"", ""object_category_confusion"", ""scene_context_confusion"", ""text_ocr_content"", ""annotation_ambiguity"", ""other""]"
t2i,1516::caption_2,A young man wearing a white helmet climbing up a rock wall,1516,12,"{""image_id"": ""1516"", ""image_path"": ""data/flickr30k/validation_images/1516.jpg""}","{""42.0"": 12, ""43.0"": 12, ""44.0"": 18}","[""13760"", ""12446"", ""4280"", ""280"", ""28233"", ""1746"", ""30479"", ""19652"", ""11293"", ""11945""]","[{""image_id"": ""13760"", ""image_path"": ""data/flickr30k/validation_images/13760.jpg""}, {""image_id"": ""12446"", ""image_path"": ""data/flickr30k/validation_images/12446.jpg""}, {""image_id"": ""4280"", ""image_path"": ""data/flickr30k/validation_images/4280.jpg""}, {""image_id"": ""280"", ""image_path"": ""data/flickr30k/validation_images/280.jpg""}, {""image_id"": ""28233"", ""image_path"": ""data/flickr30k/validation_images/28233.jpg""}, {""image_id"": ""1746"", ""image_path"": ""data/flickr30k/validation_images/1746.jpg""}, {""image_id"": ""30479"", ""image_path"": ""data/flickr30k/validation_images/30479.jpg""}, {""image_id"": ""19652"", ""image_path"": ""data/flickr30k/validation_images/19652.jpg""}, {""image_id"": ""11293"", ""image_path"": ""data/flickr30k/validation_images/11293.jpg""}, {""image_id"": ""11945"", ""image_path"": ""data/flickr30k/validation_images/11945.jpg""}]","[""fine_grained_attribute"", ""counting_quantity"", ""spatial_relation"", ""action_interaction"", ""object_category_confusion"", ""scene_context_confusion"", ""text_ocr_content"", ""annotation_ambiguity"", ""other""]"
t2i,30971::caption_0,"Two men are using phone-booths that are located shortly outside of the downtown area of a city, by some trees.",30971,38,"{""image_id"": ""30971"", ""image_path"": ""data/flickr30k/validation_images/30971.jpg""}","{""42.0"": 38, ""43.0"": 23, ""44.0"": 34}","[""21441"", ""19688"", ""19956"", ""12018"", ""16365"", ""22936"", ""20138"", ""14842"", ""22916"", ""21130""]","[{""image_id"": ""21441"", ""image_path"": ""data/flickr30k/validation_images/21441.jpg""}, {""image_id"": ""19688"", ""image_path"": ""data/flickr30k/validation_images/19688.jpg""}, {""image_id"": ""19956"", ""image_path"": ""data/flickr30k/validation_images/19956.jpg""}, {""image_id"": ""12018"", ""image_path"": ""data/flickr30k/validation_images/12018.jpg""}, {""image_id"": ""16365"", ""image_path"": ""data/flickr30k/validation_images/16365.jpg""}, {""image_id"": ""22936"", ""image_path"": ""data/flickr30k/validation_images/22936.jpg""}, {""image_id"": ""20138"", ""image_path"": ""data/flickr30k/validation_images/20138.jpg""}, {""image_id"": ""14842"", ""image_path"": ""data/flickr30k/validation_images/14842.jpg""}, {""image_id"": ""22916"", ""image_path"": ""data/flickr30k/validation_images/22916.jpg""}, {""image_id"": ""21130"", ""image_path"": ""data/flickr30k/validation_images/21130.jpg""}]","[""fine_grained_attribute"", ""counting_quantity"", ""spatial_relation"", ""action_interaction"", ""object_category_confusion"", ""scene_context_confusion"", ""text_ocr_content"", ""annotation_ambiguity"", ""other""]"
t2i,6318::caption_1,Two women and many children are walking single file down the street.,6318,43,"{""image_id"": ""6318"", ""image_path"": ""data/flickr30k/validation_images/6318.jpg""}","{""42.0"": 43, ""43.0"": 80, ""44.0"": 13}","[""10963"", ""22642"", ""22213"", ""23151"", ""10061"", ""843"", ""20736"", ""24251"", ""19544"", ""23219""]","[{""image_id"": ""10963"", ""image_path"": ""data/flickr30k/validation_images/10963.jpg""}, {""image_id"": ""22642"", ""image_path"": ""data/flickr30k/validation_images/22642.jpg""}, {""image_id"": ""22213"", ""image_path"": ""data/flickr30k/validation_images/22213.jpg""}, {""image_id"": ""23151"", ""image_path"": ""data/flickr30k/validation_images/23151.jpg""}, {""image_id"": ""10061"", ""image_path"": ""data/flickr30k/validation_images/10061.jpg""}, {""image_id"": ""843"", ""image_path"": ""data/flickr30k/validation_images/843.jpg""}, {""image_id"": ""20736"", ""image_path"": ""data/flickr30k/validation_images/20736.jpg""}, {""image_id"": ""24251"", ""image_path"": ""data/flickr30k/validation_images/24251.jpg""}, {""image_id"": ""19544"", ""image_path"": ""data/flickr30k/validation_images/19544.jpg""}, {""image_id"": ""23219"", ""image_path"": ""data/flickr30k/validation_images/23219.jpg""}]","[""fine_grained_attribute"", ""counting_quantity"", ""spatial_relation"", ""action_interaction"", ""object_category_confusion"", ""scene_context_confusion"", ""text_ocr_content"", ""annotation_ambiguity"", ""other""]"
t2i,23531::caption_4,A tattoo artist at work.,23531,25,"{""image_id"": ""23531"", ""image_path"": ""data/flickr30k/validation_images/23531.jpg""}","{""42.0"": 25, ""43.0"": 51, ""44.0"": 24}","[""24885"", ""17929"", ""17926"", ""15610"", ""29843"", ""18464"", ""28169"", ""6063"", ""27171"", ""2177""]","[{""image_id"": ""24885"", ""image_path"": ""data/flickr30k/validation_images/24885.jpg""}, {""image_id"": ""17929"", ""image_path"": ""data/flickr30k/validation_images/17929.jpg""}, {""image_id"": ""17926"", ""image_path"": ""data/flickr30k/validation_images/17926.jpg""}, {""image_id"": ""15610"", ""image_path"": ""data/flickr30k/validation_images/15610.jpg""}, {""image_id"": ""29843"", ""image_path"": ""data/flickr30k/validation_images/29843.jpg""}, {""image_id"": ""18464"", ""image_path"": ""data/flickr30k/validation_images/18464.jpg""}, {""image_id"": ""28169"", ""image_path"": ""data/flickr30k/validation_images/28169.jpg""}, {""image_id"": ""6063"", ""image_path"": ""data/flickr30k/validation_images/6063.jpg""}, {""image_id"": ""27171"", ""image_path"": ""data/flickr30k/validation_images/27171.jpg""}, {""image_id"": ""2177"", ""image_path"": ""data/flickr30k/validation_images/2177.jpg""}]","[""fine_grained_attribute"", ""counting_quantity"", ""spatial_relation"", ""action_interaction"", ""object_category_confusion"", ""scene_context_confusion"", ""text_ocr_content"", ""annotation_ambiguity"", ""other""]"
t2i,11539::caption_4,THe dog takes a rest in the park.,11539,35,"{""image_id"": ""11539"", ""image_path"": ""data/flickr30k/validation_images/11539.jpg""}","{""42.0"": 35, ""43.0"": 12, ""44.0"": 31}","[""13094"", ""9758"", ""5950"", ""7156"", ""9724"", ""2324"", ""10084"", ""9291"", ""14001"", ""1074""]","[{""image_id"": ""13094"", ""image_path"": ""data/flickr30k/validation_images/13094.jpg""}, {""image_id"": ""9758"", ""image_path"": ""data/flickr30k/validation_images/9758.jpg""}, {""image_id"": ""5950"", ""image_path"": ""data/flickr30k/validation_images/5950.jpg""}, {""image_id"": ""7156"", ""image_path"": ""data/flickr30k/validation_images/7156.jpg""}, {""image_id"": ""9724"", ""image_path"": ""data/flickr30k/validation_images/9724.jpg""}, {""image_id"": ""2324"", ""image_path"": ""data/flickr30k/validation_images/2324.jpg""}, {""image_id"": ""10084"", ""image_path"": ""data/flickr30k/validation_images/10084.jpg""}, {""image_id"": ""9291"", ""image_path"": ""data/flickr30k/validation_images/9291.jpg""}, {""image_id"": ""14001"", ""image_path"": ""data/flickr30k/validation_images/14001.jpg""}, {""image_id"": ""1074"", ""image_path"": ""data/flickr30k/validation_images/1074.jpg""}]","[""fine_grained_attribute"", ""counting_quantity"", ""spatial_relation"", ""action_interaction"", ""object_category_confusion"", ""scene_context_confusion"", ""text_ocr_content"", ""annotation_ambiguity"", ""other""]"
t2i,16469::caption_3,A woman wearing a yellow helmet is using a zipline.,16469,129,"{""image_id"": ""16469"", ""image_path"": ""data/flickr30k/validation_images/16469.jpg""}","{""42.0"": 129, ""43.0"": 168, ""44.0"": 106}","[""19253"", ""21091"", ""29745"", ""26923"", ""23998"", ""6767"", ""14918"", ""27717"", ""25205"", ""27643""]","[{""image_id"": ""19253"", ""image_path"": ""data/flickr30k/validation_images/19253.jpg""}, {""image_id"": ""21091"", ""image_path"": ""data/flickr30k/validation_images/21091.jpg""}, {""image_id"": ""29745"", ""image_path"": ""data/flickr30k/validation_images/29745.jpg""}, {""image_id"": ""26923"", ""image_path"": ""data/flickr30k/validation_images/26923.jpg""}, {""image_id"": ""23998"", ""image_path"": ""data/flickr30k/validation_images/23998.jpg""}, {""image_id"": ""6767"", ""image_path"": ""data/flickr30k/validation_images/6767.jpg""}, {""image_id"": ""14918"", ""image_path"": ""data/flickr30k/validation_images/14918.jpg""}, {""image_id"": ""27717"", ""image_path"": ""data/flickr30k/validation_images/27717.jpg""}, {""image_id"": ""25205"", ""image_path"": ""data/flickr30k/validation_images/25205.jpg""}, {""image_id"": ""27643"", ""image_path"": ""data/flickr30k/validation_images/27643.jpg""}]","[""fine_grained_attribute"", ""counting_quantity"", ""spatial_relation"", ""action_interaction"", ""object_category_confusion"", ""scene_context_confusion"", ""text_ocr_content"", ""annotation_ambiguity"", ""other""]"
t2i,15994::caption_2,A man in a blue polo stares into space.,15994,26,"{""image_id"": ""15994"", ""image_path"": ""data/flickr30k/validation_images/15994.jpg""}","{""42.0"": 26, ""43.0"": 64, ""44.0"": 30}","[""24885"", ""21653"", ""19652"", ""25295"", ""2283"", ""15610"", ""2006"", ""9496"", ""30149"", ""1102""]","[{""image_id"": ""24885"", ""image_path"": ""data/flickr30k/validation_images/24885.jpg""}, {""image_id"": ""21653"", ""image_path"": ""data/flickr30k/validation_images/21653.jpg""}, {""image_id"": ""19652"", ""image_path"": ""data/flickr30k/validation_images/19652.jpg""}, {""image_id"": ""25295"", ""image_path"": ""data/flickr30k/validation_images/25295.jpg""}, {""image_id"": ""2283"", ""image_path"": ""data/flickr30k/validation_images/2283.jpg""}, {""image_id"": ""15610"", ""image_path"": ""data/flickr30k/validation_images/15610.jpg""}, {""image_id"": ""2006"", ""image_path"": ""data/flickr30k/validation_images/2006.jpg""}, {""image_id"": ""9496"", ""image_path"": ""data/flickr30k/validation_images/9496.jpg""}, {""image_id"": ""30149"", ""image_path"": ""data/flickr30k/validation_images/30149.jpg""}, {""image_id"": ""1102"", ""image_path"": ""data/flickr30k/validation_images/1102.jpg""}]","[""fine_grained_attribute"", ""counting_quantity"", ""spatial_relation"", ""action_interaction"", ""object_category_confusion"", ""scene_context_confusion"", ""text_ocr_content"", ""annotation_ambiguity"", ""other""]"
t2i,12075::caption_2,Two kids underneath a sheet playing with a white dog.,12075,30,"{""image_id"": ""12075"", ""image_path"": ""data/flickr30k/validation_images/12075.jpg""}","{""42.0"": 30, ""43.0"": 14, ""44.0"": 53}","[""13861"", ""2179"", ""1727"", ""28087"", ""610"", ""11539"", ""17337"", ""12931"", ""1209"", ""26019""]","[{""image_id"": ""13861"", ""image_path"": ""data/flickr30k/validation_images/13861.jpg""}, {""image_id"": ""2179"", ""image_path"": ""data/flickr30k/validation_images/2179.jpg""}, {""image_id"": ""1727"", ""image_path"": ""data/flickr30k/validation_images/1727.jpg""}, {""image_id"": ""28087"", ""image_path"": ""data/flickr30k/validation_images/28087.jpg""}, {""image_id"": ""610"", ""image_path"": ""data/flickr30k/validation_images/610.jpg""}, {""image_id"": ""11539"", ""image_path"": ""data/flickr30k/validation_images/11539.jpg""}, {""image_id"": ""17337"", ""image_path"": ""data/flickr30k/validation_images/17337.jpg""}, {""image_id"": ""12931"", ""image_path"": ""data/flickr30k/validation_images/12931.jpg""}, {""image_id"": ""1209"", ""image_path"": ""data/flickr30k/validation_images/1209.jpg""}, {""image_id"": ""26019"", ""image_path"": ""data/flickr30k/validation_images/26019.jpg""}]","[""fine_grained_attribute"", ""counting_quantity"", ""spatial_relation"", ""action_interaction"", ""object_category_confusion"", ""scene_context_confusion"", ""text_ocr_content"", ""annotation_ambiguity"", ""other""]"
t2i,28721::caption_4,A kid juggling balls in the middle of traffic.,28721,36,"{""image_id"": ""28721"", ""image_path"": ""data/flickr30k/validation_images/28721.jpg""}","{""42.0"": 36, ""43.0"": 33, ""44.0"": 15}","[""3529"", ""5300"", ""10810"", ""15574"", ""15693"", ""18024"", ""10530"", ""29887"", ""23721"", ""11838""]","[{""image_id"": ""3529"", ""image_path"": ""data/flickr30k/validation_images/3529.jpg""}, {""image_id"": ""5300"", ""image_path"": ""data/flickr30k/validation_images/5300.jpg""}, {""image_id"": ""10810"", ""image_path"": ""data/flickr30k/validation_images/10810.jpg""}, {""image_id"": ""15574"", ""image_path"": ""data/flickr30k/validation_images/15574.jpg""}, {""image_id"": ""15693"", ""image_path"": ""data/flickr30k/validation_images/15693.jpg""}, {""image_id"": ""18024"", ""image_path"": ""data/flickr30k/validation_images/18024.jpg""}, {""image_id"": ""10530"", ""image_path"": ""data/flickr30k/validation_images/10530.jpg""}, {""image_id"": ""29887"", ""image_path"": ""data/flickr30k/validation_images/29887.jpg""}, {""image_id"": ""23721"", ""image_path"": ""data/flickr30k/validation_images/23721.jpg""}, {""image_id"": ""11838"", ""image_path"": ""data/flickr30k/validation_images/11838.jpg""}]","[""fine_grained_attribute"", ""counting_quantity"", ""spatial_relation"", ""action_interaction"", ""object_category_confusion"", ""scene_context_confusion"", ""text_ocr_content"", ""annotation_ambiguity"", ""other""]"
t2i,25731::caption_1,Two boys are participating in a boxing match.,25731,69,"{""image_id"": ""25731"", ""image_path"": ""data/flickr30k/validation_images/25731.jpg""}","{""42.0"": 69, ""43.0"": 67, ""44.0"": 16}","[""17598"", ""28087"", ""18956"", ""6049"", ""29105"", ""17095"", ""6377"", ""30177"", ""28292"", ""20439""]","[{""image_id"": ""17598"", ""image_path"": ""data/flickr30k/validation_images/17598.jpg""}, {""image_id"": ""28087"", ""image_path"": ""data/flickr30k/validation_images/28087.jpg""}, {""image_id"": ""18956"", ""image_path"": ""data/flickr30k/validation_images/18956.jpg""}, {""image_id"": ""6049"", ""image_path"": ""data/flickr30k/validation_images/6049.jpg""}, {""image_id"": ""29105"", ""image_path"": ""data/flickr30k/validation_images/29105.jpg""}, {""image_id"": ""17095"", ""image_path"": ""data/flickr30k/validation_images/17095.jpg""}, {""image_id"": ""6377"", ""image_path"": ""data/flickr30k/validation_images/6377.jpg""}, {""image_id"": ""30177"", ""image_path"": ""data/flickr30k/validation_images/30177.jpg""}, {""image_id"": ""28292"", ""image_path"": ""data/flickr30k/validation_images/28292.jpg""}, {""image_id"": ""20439"", ""image_path"": ""data/flickr30k/validation_images/20439.jpg""}]","[""fine_grained_attribute"", ""counting_quantity"", ""spatial_relation"", ""action_interaction"", ""object_category_confusion"", ""scene_context_confusion"", ""text_ocr_content"", ""annotation_ambiguity"", ""other""]"
t2i,14275::caption_3,A photographer taking a photo of a message on a set of doors.,14275,109,"{""image_id"": ""14275"", ""image_path"": ""data/flickr30k/validation_images/14275.jpg""}","{""42.0"": 109, ""43.0"": 386, ""44.0"": 222}","[""18905"", ""24808"", ""22291"", ""1943"", ""26811"", ""14247"", ""26841"", ""21371"", ""18126"", ""16394""]","[{""image_id"": ""18905"", ""image_path"": ""data/flickr30k/validation_images/18905.jpg""}, {""image_id"": ""24808"", ""image_path"": ""data/flickr30k/validation_images/24808.jpg""}, {""image_id"": ""22291"", ""image_path"": ""data/flickr30k/validation_images/22291.jpg""}, {""image_id"": ""1943"", ""image_path"": ""data/flickr30k/validation_images/1943.jpg""}, {""image_id"": ""26811"", ""image_path"": ""data/flickr30k/validation_images/26811.jpg""}, {""image_id"": ""14247"", ""image_path"": ""data/flickr30k/validation_images/14247.jpg""}, {""image_id"": ""26841"", ""image_path"": ""data/flickr30k/validation_images/26841.jpg""}, {""image_id"": ""21371"", ""image_path"": ""data/flickr30k/validation_images/21371.jpg""}, {""image_id"": ""18126"", ""image_path"": ""data/flickr30k/validation_images/18126.jpg""}, {""image_id"": ""16394"", ""image_path"": ""data/flickr30k/validation_images/16394.jpg""}]","[""fine_grained_attribute"", ""counting_quantity"", ""spatial_relation"", ""action_interaction"", ""object_category_confusion"", ""scene_context_confusion"", ""text_ocr_content"", ""annotation_ambiguity"", ""other""]"
t2i,26609::caption_1,A man moving flowers while a woman makes a gesture at him.,26609,34,"{""image_id"": ""26609"", ""image_path"": ""data/flickr30k/validation_images/26609.jpg""}","{""42.0"": 34, ""43.0"": 32, ""44.0"": 46}","[""10363"", ""10364"", ""25165"", ""8238"", ""21484"", ""9079"", ""28787"", ""22642"", ""6151"", ""4141""]","[{""image_id"": ""10363"", ""image_path"": ""data/flickr30k/validation_images/10363.jpg""}, {""image_id"": ""10364"", ""image_path"": ""data/flickr30k/validation_images/10364.jpg""}, {""image_id"": ""25165"", ""image_path"": ""data/flickr30k/validation_images/25165.jpg""}, {""image_id"": ""8238"", ""image_path"": ""data/flickr30k/validation_images/8238.jpg""}, {""image_id"": ""21484"", ""image_path"": ""data/flickr30k/validation_images/21484.jpg""}, {""image_id"": ""9079"", ""image_path"": ""data/flickr30k/validation_images/9079.jpg""}, {""image_id"": ""28787"", ""image_path"": ""data/flickr30k/validation_images/28787.jpg""}, {""image_id"": ""22642"", ""image_path"": ""data/flickr30k/validation_images/22642.jpg""}, {""image_id"": ""6151"", ""image_path"": ""data/flickr30k/validation_images/6151.jpg""}, {""image_id"": ""4141"", ""image_path"": ""data/flickr30k/validation_images/4141.jpg""}]","[""fine_grained_attribute"", ""counting_quantity"", ""spatial_relation"", ""action_interaction"", ""object_category_confusion"", ""scene_context_confusion"", ""text_ocr_content"", ""annotation_ambiguity"", ""other""]"
t2i,5553::caption_2,Two couples stop to take a photo.,5553,93,"{""image_id"": ""5553"", ""image_path"": ""data/flickr30k/validation_images/5553.jpg""}","{""42.0"": 93, ""43.0"": 158, ""44.0"": 67}","[""10932"", ""22736"", ""8238"", ""24568"", ""8339"", ""10244"", ""7723"", ""21482"", ""20478"", ""390""]","[{""image_id"": ""10932"", ""image_path"": ""data/flickr30k/validation_images/10932.jpg""}, {""image_id"": ""22736"", ""image_path"": ""data/flickr30k/validation_images/22736.jpg""}, {""image_id"": ""8238"", ""image_path"": ""data/flickr30k/validation_images/8238.jpg""}, {""image_id"": ""24568"", ""image_path"": ""data/flickr30k/validation_images/24568.jpg""}, {""image_id"": ""8339"", ""image_path"": ""data/flickr30k/validation_images/8339.jpg""}, {""image_id"": ""10244"", ""image_path"": ""data/flickr30k/validation_images/10244.jpg""}, {""image_id"": ""7723"", ""image_path"": ""data/flickr30k/validation_images/7723.jpg""}, {""image_id"": ""21482"", ""image_path"": ""data/flickr30k/validation_images/21482.jpg""}, {""image_id"": ""20478"", ""image_path"": ""data/flickr30k/validation_images/20478.jpg""}, {""image_id"": ""390"", ""image_path"": ""data/flickr30k/validation_images/390.jpg""}]","[""fine_grained_attribute"", ""counting_quantity"", ""spatial_relation"", ""action_interaction"", ""object_category_confusion"", ""scene_context_confusion"", ""text_ocr_content"", ""annotation_ambiguity"", ""other""]"
t2i,20711::caption_3,A woman sitting on a public bench.,20711,30,"{""image_id"": ""20711"", ""image_path"": ""data/flickr30k/validation_images/20711.jpg""}","{""42.0"": 30, ""43.0"": 13, ""44.0"": 22}","[""25007"", ""24490"", ""25226"", ""10449"", ""1382"", ""22216"", ""22889"", ""377"", ""20402"", ""20146""]","[{""image_id"": ""25007"", ""image_path"": ""data/flickr30k/validation_images/25007.jpg""}, {""image_id"": ""24490"", ""image_path"": ""data/flickr30k/validation_images/24490.jpg""}, {""image_id"": ""25226"", ""image_path"": ""data/flickr30k/validation_images/25226.jpg""}, {""image_id"": ""10449"", ""image_path"": ""data/flickr30k/validation_images/10449.jpg""}, {""image_id"": ""1382"", ""image_path"": ""data/flickr30k/validation_images/1382.jpg""}, {""image_id"": ""22216"", ""image_path"": ""data/flickr30k/validation_images/22216.jpg""}, {""image_id"": ""22889"", ""image_path"": ""data/flickr30k/validation_images/22889.jpg""}, {""image_id"": ""377"", ""image_path"": ""data/flickr30k/validation_images/377.jpg""}, {""image_id"": ""20402"", ""image_path"": ""data/flickr30k/validation_images/20402.jpg""}, {""image_id"": ""20146"", ""image_path"": ""data/flickr30k/validation_images/20146.jpg""}]","[""fine_grained_attribute"", ""counting_quantity"", ""spatial_relation"", ""action_interaction"", ""object_category_confusion"", ""scene_context_confusion"", ""text_ocr_content"", ""annotation_ambiguity"", ""other""]"
t2i,30149::caption_2,"A man starts walking towards a bowling lane, appearing to be winding up for a bowl.",30149,14,"{""image_id"": ""30149"", ""image_path"": ""data/flickr30k/validation_images/30149.jpg""}","{""42.0"": 14, ""43.0"": 15, ""44.0"": 18}","[""5224"", ""7376"", ""1102"", ""19875"", ""27001"", ""6582"", ""10741"", ""15994"", ""29272"", ""21687""]","[{""image_id"": ""5224"", ""image_path"": ""data/flickr30k/validation_images/5224.jpg""}, {""image_id"": ""7376"", ""image_path"": ""data/flickr30k/validation_images/7376.jpg""}, {""image_id"": ""1102"", ""image_path"": ""data/flickr30k/validation_images/1102.jpg""}, {""image_id"": ""19875"", ""image_path"": ""data/flickr30k/validation_images/19875.jpg""}, {""image_id"": ""27001"", ""image_path"": ""data/flickr30k/validation_images/27001.jpg""}, {""image_id"": ""6582"", ""image_path"": ""data/flickr30k/validation_images/6582.jpg""}, {""image_id"": ""10741"", ""image_path"": ""data/flickr30k/validation_images/10741.jpg""}, {""image_id"": ""15994"", ""image_path"": ""data/flickr30k/validation_images/15994.jpg""}, {""image_id"": ""29272"", ""image_path"": ""data/flickr30k/validation_images/29272.jpg""}, {""image_id"": ""21687"", ""image_path"": ""data/flickr30k/validation_images/21687.jpg""}]","[""fine_grained_attribute"", ""counting_quantity"", ""spatial_relation"", ""action_interaction"", ""object_category_confusion"", ""scene_context_confusion"", ""text_ocr_content"", ""annotation_ambiguity"", ""other""]"
t2i,4054::caption_1,A man wearing a sleeveless shirt and sunglasses standing next to two children.,4054,12,"{""image_id"": ""4054"", ""image_path"": ""data/flickr30k/validation_images/4054.jpg""}","{""42.0"": 12, ""43.0"": 22, ""44.0"": 11}","[""6582"", ""29272"", ""16134"", ""5576"", ""23882"", ""22477"", ""7317"", ""3529"", ""15582"", ""16412""]","[{""image_id"": ""6582"", ""image_path"": ""data/flickr30k/validation_images/6582.jpg""}, {""image_id"": ""29272"", ""image_path"": ""data/flickr30k/validation_images/29272.jpg""}, {""image_id"": ""16134"", ""image_path"": ""data/flickr30k/validation_images/16134.jpg""}, {""image_id"": ""5576"", ""image_path"": ""data/flickr30k/validation_images/5576.jpg""}, {""image_id"": ""23882"", ""image_path"": ""data/flickr30k/validation_images/23882.jpg""}, {""image_id"": ""22477"", ""image_path"": ""data/flickr30k/validation_images/22477.jpg""}, {""image_id"": ""7317"", ""image_path"": ""data/flickr30k/validation_images/7317.jpg""}, {""image_id"": ""3529"", ""image_path"": ""data/flickr30k/validation_images/3529.jpg""}, {""image_id"": ""15582"", ""image_path"": ""data/flickr30k/validation_images/15582.jpg""}, {""image_id"": ""16412"", ""image_path"": ""data/flickr30k/validation_images/16412.jpg""}]","[""fine_grained_attribute"", ""counting_quantity"", ""spatial_relation"", ""action_interaction"", ""object_category_confusion"", ""scene_context_confusion"", ""text_ocr_content"", ""annotation_ambiguity"", ""other""]"
t2i,301::caption_3,A lady is sitting down tending to her stand.,301,133,"{""image_id"": ""301"", ""image_path"": ""data/flickr30k/validation_images/301.jpg""}","{""42.0"": 133, ""43.0"": 52, ""44.0"": 38}","[""26841"", ""4768"", ""16632"", ""18905"", ""10449"", ""22916"", ""25007"", ""24045"", ""17592"", ""22889""]","[{""image_id"": ""26841"", ""image_path"": ""data/flickr30k/validation_images/26841.jpg""}, {""image_id"": ""4768"", ""image_path"": ""data/flickr30k/validation_images/4768.jpg""}, {""image_id"": ""16632"", ""image_path"": ""data/flickr30k/validation_images/16632.jpg""}, {""image_id"": ""18905"", ""image_path"": ""data/flickr30k/validation_images/18905.jpg""}, {""image_id"": ""10449"", ""image_path"": ""data/flickr30k/validation_images/10449.jpg""}, {""image_id"": ""22916"", ""image_path"": ""data/flickr30k/validation_images/22916.jpg""}, {""image_id"": ""25007"", ""image_path"": ""data/flickr30k/validation_images/25007.jpg""}, {""image_id"": ""24045"", ""image_path"": ""data/flickr30k/validation_images/24045.jpg""}, {""image_id"": ""17592"", ""image_path"": ""data/flickr30k/validation_images/17592.jpg""}, {""image_id"": ""22889"", ""image_path"": ""data/flickr30k/validation_images/22889.jpg""}]","[""fine_grained_attribute"", ""counting_quantity"", ""spatial_relation"", ""action_interaction"", ""object_category_confusion"", ""scene_context_confusion"", ""text_ocr_content"", ""annotation_ambiguity"", ""other""]"
t2i,4141::caption_4,Two women are smiling at an event.,4141,132,"{""image_id"": ""4141"", ""image_path"": ""data/flickr30k/validation_images/4141.jpg""}","{""42.0"": 132, ""43.0"": 50, ""44.0"": 36}","[""22639"", ""9174"", ""10436"", ""11541"", ""20284"", ""10244"", ""5162"", ""3115"", ""390"", ""20478""]","[{""image_id"": ""22639"", ""image_path"": ""data/flickr30k/validation_images/22639.jpg""}, {""image_id"": ""9174"", ""image_path"": ""data/flickr30k/validation_images/9174.jpg""}, {""image_id"": ""10436"", ""image_path"": ""data/flickr30k/validation_images/10436.jpg""}, {""image_id"": ""11541"", ""image_path"": ""data/flickr30k/validation_images/11541.jpg""}, {""image_id"": ""20284"", ""image_path"": ""data/flickr30k/validation_images/20284.jpg""}, {""image_id"": ""10244"", ""image_path"": ""data/flickr30k/validation_images/10244.jpg""}, {""image_id"": ""5162"", ""image_path"": ""data/flickr30k/validation_images/5162.jpg""}, {""image_id"": ""3115"", ""image_path"": ""data/flickr30k/validation_images/3115.jpg""}, {""image_id"": ""390"", ""image_path"": ""data/flickr30k/validation_images/390.jpg""}, {""image_id"": ""20478"", ""image_path"": ""data/flickr30k/validation_images/20478.jpg""}]","[""fine_grained_attribute"", ""counting_quantity"", ""spatial_relation"", ""action_interaction"", ""object_category_confusion"", ""scene_context_confusion"", ""text_ocr_content"", ""annotation_ambiguity"", ""other""]"
t2i,28121::caption_2,These young people appear to be singing and doing some dance steps outdoors.,28121,89,"{""image_id"": ""28121"", ""image_path"": ""data/flickr30k/validation_images/28121.jpg""}","{""42.0"": 89, ""43.0"": 75, ""44.0"": 54}","[""23283"", ""14836"", ""30177"", ""9907"", ""10497"", ""7723"", ""28126"", ""25199"", ""23998"", ""19688""]","[{""image_id"": ""23283"", ""image_path"": ""data/flickr30k/validation_images/23283.jpg""}, {""image_id"": ""14836"", ""image_path"": ""data/flickr30k/validation_images/14836.jpg""}, {""image_id"": ""30177"", ""image_path"": ""data/flickr30k/validation_images/30177.jpg""}, {""image_id"": ""9907"", ""image_path"": ""data/flickr30k/validation_images/9907.jpg""}, {""image_id"": ""10497"", ""image_path"": ""data/flickr30k/validation_images/10497.jpg""}, {""image_id"": ""7723"", ""image_path"": ""data/flickr30k/validation_images/7723.jpg""}, {""image_id"": ""28126"", ""image_path"": ""data/flickr30k/validation_images/28126.jpg""}, {""image_id"": ""25199"", ""image_path"": ""data/flickr30k/validation_images/25199.jpg""}, {""image_id"": ""23998"", ""image_path"": ""data/flickr30k/validation_images/23998.jpg""}, {""image_id"": ""19688"", ""image_path"": ""data/flickr30k/validation_images/19688.jpg""}]","[""fine_grained_attribute"", ""counting_quantity"", ""spatial_relation"", ""action_interaction"", ""object_category_confusion"", ""scene_context_confusion"", ""text_ocr_content"", ""annotation_ambiguity"", ""other""]"
t2i,19558::caption_0,A boy wearing a green shirt on a bicycle reflecting off a store window.,19558,36,"{""image_id"": ""19558"", ""image_path"": ""data/flickr30k/validation_images/19558.jpg""}","{""42.0"": 36, ""43.0"": 12, ""44.0"": 31}","[""24755"", ""29745"", ""21678"", ""11960"", ""10219"", ""12449"", ""27732"", ""22738"", ""17749"", ""1616""]","[{""image_id"": ""24755"", ""image_path"": ""data/flickr30k/validation_images/24755.jpg""}, {""image_id"": ""29745"", ""image_path"": ""data/flickr30k/validation_images/29745.jpg""}, {""image_id"": ""21678"", ""image_path"": ""data/flickr30k/validation_images/21678.jpg""}, {""image_id"": ""11960"", ""image_path"": ""data/flickr30k/validation_images/11960.jpg""}, {""image_id"": ""10219"", ""image_path"": ""data/flickr30k/validation_images/10219.jpg""}, {""image_id"": ""12449"", ""image_path"": ""data/flickr30k/validation_images/12449.jpg""}, {""image_id"": ""27732"", ""image_path"": ""data/flickr30k/validation_images/27732.jpg""}, {""image_id"": ""22738"", ""image_path"": ""data/flickr30k/validation_images/22738.jpg""}, {""image_id"": ""17749"", ""image_path"": ""data/flickr30k/validation_images/17749.jpg""}, {""image_id"": ""1616"", ""image_path"": ""data/flickr30k/validation_images/1616.jpg""}]","[""fine_grained_attribute"", ""counting_quantity"", ""spatial_relation"", ""action_interaction"", ""object_category_confusion"", ""scene_context_confusion"", ""text_ocr_content"", ""annotation_ambiguity"", ""other""]"
t2i,12399::caption_4,A man in a green jacket is smiling.,12399,48,"{""image_id"": ""12399"", ""image_path"": ""data/flickr30k/validation_images/12399.jpg""}","{""42.0"": 48, ""43.0"": 75, ""44.0"": 38}","[""10885"", ""6230"", ""7376"", ""10078"", ""23657"", ""9774"", ""6767"", ""15994"", ""16664"", ""2522""]","[{""image_id"": ""10885"", ""image_path"": ""data/flickr30k/validation_images/10885.jpg""}, {""image_id"": ""6230"", ""image_path"": ""data/flickr30k/validation_images/6230.jpg""}, {""image_id"": ""7376"", ""image_path"": ""data/flickr30k/validation_images/7376.jpg""}, {""image_id"": ""10078"", ""image_path"": ""data/flickr30k/validation_images/10078.jpg""}, {""image_id"": ""23657"", ""image_path"": ""data/flickr30k/validation_images/23657.jpg""}, {""image_id"": ""9774"", ""image_path"": ""data/flickr30k/validation_images/9774.jpg""}, {""image_id"": ""6767"", ""image_path"": ""data/flickr30k/validation_images/6767.jpg""}, {""image_id"": ""15994"", ""image_path"": ""data/flickr30k/validation_images/15994.jpg""}, {""image_id"": ""16664"", ""image_path"": ""data/flickr30k/validation_images/16664.jpg""}, {""image_id"": ""2522"", ""image_path"": ""data/flickr30k/validation_images/2522.jpg""}]","[""fine_grained_attribute"", ""counting_quantity"", ""spatial_relation"", ""action_interaction"", ""object_category_confusion"", ""scene_context_confusion"", ""text_ocr_content"", ""annotation_ambiguity"", ""other""]"
t2i,24666::caption_4,A man seated on a bench on a sunny day.,24666,51,"{""image_id"": ""24666"", ""image_path"": ""data/flickr30k/validation_images/24666.jpg""}","{""42.0"": 51, ""43.0"": 52, ""44.0"": 34}","[""24925"", ""9496"", ""25007"", ""22772"", ""23745"", ""25226"", ""24877"", ""21671"", ""16552"", ""26756""]","[{""image_id"": ""24925"", ""image_path"": ""data/flickr30k/validation_images/24925.jpg""}, {""image_id"": ""9496"", ""image_path"": ""data/flickr30k/validation_images/9496.jpg""}, {""image_id"": ""25007"", ""image_path"": ""data/flickr30k/validation_images/25007.jpg""}, {""image_id"": ""22772"", ""image_path"": ""data/flickr30k/validation_images/22772.jpg""}, {""image_id"": ""23745"", ""image_path"": ""data/flickr30k/validation_images/23745.jpg""}, {""image_id"": ""25226"", ""image_path"": ""data/flickr30k/validation_images/25226.jpg""}, {""image_id"": ""24877"", ""image_path"": ""data/flickr30k/validation_images/24877.jpg""}, {""image_id"": ""21671"", ""image_path"": ""data/flickr30k/validation_images/21671.jpg""}, {""image_id"": ""16552"", ""image_path"": ""data/flickr30k/validation_images/16552.jpg""}, {""image_id"": ""26756"", ""image_path"": ""data/flickr30k/validation_images/26756.jpg""}]","[""fine_grained_attribute"", ""counting_quantity"", ""spatial_relation"", ""action_interaction"", ""object_category_confusion"", ""scene_context_confusion"", ""text_ocr_content"", ""annotation_ambiguity"", ""other""]"
t2i,23968::caption_4,A couple with strollers walk through a market.,23968,21,"{""image_id"": ""23968"", ""image_path"": ""data/flickr30k/validation_images/23968.jpg""}","{""42.0"": 21, ""43.0"": 18, ""44.0"": 42}","[""16650"", ""20402"", ""301"", ""16175"", ""22916"", ""6143"", ""24251"", ""14842"", ""843"", ""19175""]","[{""image_id"": ""16650"", ""image_path"": ""data/flickr30k/validation_images/16650.jpg""}, {""image_id"": ""20402"", ""image_path"": ""data/flickr30k/validation_images/20402.jpg""}, {""image_id"": ""301"", ""image_path"": ""data/flickr30k/validation_images/301.jpg""}, {""image_id"": ""16175"", ""image_path"": ""data/flickr30k/validation_images/16175.jpg""}, {""image_id"": ""22916"", ""image_path"": ""data/flickr30k/validation_images/22916.jpg""}, {""image_id"": ""6143"", ""image_path"": ""data/flickr30k/validation_images/6143.jpg""}, {""image_id"": ""24251"", ""image_path"": ""data/flickr30k/validation_images/24251.jpg""}, {""image_id"": ""14842"", ""image_path"": ""data/flickr30k/validation_images/14842.jpg""}, {""image_id"": ""843"", ""image_path"": ""data/flickr30k/validation_images/843.jpg""}, {""image_id"": ""19175"", ""image_path"": ""data/flickr30k/validation_images/19175.jpg""}]","[""fine_grained_attribute"", ""counting_quantity"", ""spatial_relation"", ""action_interaction"", ""object_category_confusion"", ""scene_context_confusion"", ""text_ocr_content"", ""annotation_ambiguity"", ""other""]"
t2i,17749::caption_2,The girl in the white dress is paying her bill at the counter.,17749,49,"{""image_id"": ""17749"", ""image_path"": ""data/flickr30k/validation_images/17749.jpg""}","{""42.0"": 49, ""43.0"": 25, ""44.0"": 50}","[""18440"", ""16933"", ""3180"", ""26335"", ""13332"", ""4641"", ""27357"", ""462"", ""1162"", ""19070""]","[{""image_id"": ""18440"", ""image_path"": ""data/flickr30k/validation_images/18440.jpg""}, {""image_id"": ""16933"", ""image_path"": ""data/flickr30k/validation_images/16933.jpg""}, {""image_id"": ""3180"", ""image_path"": ""data/flickr30k/validation_images/3180.jpg""}, {""image_id"": ""26335"", ""image_path"": ""data/flickr30k/validation_images/26335.jpg""}, {""image_id"": ""13332"", ""image_path"": ""data/flickr30k/validation_images/13332.jpg""}, {""image_id"": ""4641"", ""image_path"": ""data/flickr30k/validation_images/4641.jpg""}, {""image_id"": ""27357"", ""image_path"": ""data/flickr30k/validation_images/27357.jpg""}, {""image_id"": ""462"", ""image_path"": ""data/flickr30k/validation_images/462.jpg""}, {""image_id"": ""1162"", ""image_path"": ""data/flickr30k/validation_images/1162.jpg""}, {""image_id"": ""19070"", ""image_path"": ""data/flickr30k/validation_images/19070.jpg""}]","[""fine_grained_attribute"", ""counting_quantity"", ""spatial_relation"", ""action_interaction"", ""object_category_confusion"", ""scene_context_confusion"", ""text_ocr_content"", ""annotation_ambiguity"", ""other""]"
t2i,25363::caption_3,A singer is crowd surfing.,25363,14,"{""image_id"": ""25363"", ""image_path"": ""data/flickr30k/validation_images/25363.jpg""}","{""42.0"": 14, ""43.0"": 17, ""44.0"": 15}","[""15638"", ""12004"", ""15547"", ""3304"", ""4917"", ""22185"", ""11838"", ""1103"", ""6278"", ""23238""]","[{""image_id"": ""15638"", ""image_path"": ""data/flickr30k/validation_images/15638.jpg""}, {""image_id"": ""12004"", ""image_path"": ""data/flickr30k/validation_images/12004.jpg""}, {""image_id"": ""15547"", ""image_path"": ""data/flickr30k/validation_images/15547.jpg""}, {""image_id"": ""3304"", ""image_path"": ""data/flickr30k/validation_images/3304.jpg""}, {""image_id"": ""4917"", ""image_path"": ""data/flickr30k/validation_images/4917.jpg""}, {""image_id"": ""22185"", ""image_path"": ""data/flickr30k/validation_images/22185.jpg""}, {""image_id"": ""11838"", ""image_path"": ""data/flickr30k/validation_images/11838.jpg""}, {""image_id"": ""1103"", ""image_path"": ""data/flickr30k/validation_images/1103.jpg""}, {""image_id"": ""6278"", ""image_path"": ""data/flickr30k/validation_images/6278.jpg""}, {""image_id"": ""23238"", ""image_path"": ""data/flickr30k/validation_images/23238.jpg""}]","[""fine_grained_attribute"", ""counting_quantity"", ""spatial_relation"", ""action_interaction"", ""object_category_confusion"", ""scene_context_confusion"", ""text_ocr_content"", ""annotation_ambiguity"", ""other""]"
t2i,18182::caption_3,An old woman is chopping up food on the sidewalk.,18182,14,"{""image_id"": ""18182"", ""image_path"": ""data/flickr30k/validation_images/18182.jpg""}","{""42.0"": 14, ""43.0"": 42, ""44.0"": 77}","[""20598"", ""22182"", ""24045"", ""1365"", ""5108"", ""13895"", ""28215"", ""20920"", ""19645"", ""16632""]","[{""image_id"": ""20598"", ""image_path"": ""data/flickr30k/validation_images/20598.jpg""}, {""image_id"": ""22182"", ""image_path"": ""data/flickr30k/validation_images/22182.jpg""}, {""image_id"": ""24045"", ""image_path"": ""data/flickr30k/validation_images/24045.jpg""}, {""image_id"": ""1365"", ""image_path"": ""data/flickr30k/validation_images/1365.jpg""}, {""image_id"": ""5108"", ""image_path"": ""data/flickr30k/validation_images/5108.jpg""}, {""image_id"": ""13895"", ""image_path"": ""data/flickr30k/validation_images/13895.jpg""}, {""image_id"": ""28215"", ""image_path"": ""data/flickr30k/validation_images/28215.jpg""}, {""image_id"": ""20920"", ""image_path"": ""data/flickr30k/validation_images/20920.jpg""}, {""image_id"": ""19645"", ""image_path"": ""data/flickr30k/validation_images/19645.jpg""}, {""image_id"": ""16632"", ""image_path"": ""data/flickr30k/validation_images/16632.jpg""}]","[""fine_grained_attribute"", ""counting_quantity"", ""spatial_relation"", ""action_interaction"", ""object_category_confusion"", ""scene_context_confusion"", ""text_ocr_content"", ""annotation_ambiguity"", ""other""]"
t2i,6055::caption_3,A girls in a red and white shirt and blue shorts throwing a soccer ball.,6055,51,"{""image_id"": ""6055"", ""image_path"": ""data/flickr30k/validation_images/6055.jpg""}","{""42.0"": 51, ""43.0"": 51, ""44.0"": 14}","[""17095"", ""18504"", ""681"", ""26161"", ""14913"", ""15693"", ""14291"", ""14029"", ""6043"", ""11218""]","[{""image_id"": ""17095"", ""image_path"": ""data/flickr30k/validation_images/17095.jpg""}, {""image_id"": ""18504"", ""image_path"": ""data/flickr30k/validation_images/18504.jpg""}, {""image_id"": ""681"", ""image_path"": ""data/flickr30k/validation_images/681.jpg""}, {""image_id"": ""26161"", ""image_path"": ""data/flickr30k/validation_images/26161.jpg""}, {""image_id"": ""14913"", ""image_path"": ""data/flickr30k/validation_images/14913.jpg""}, {""image_id"": ""15693"", ""image_path"": ""data/flickr30k/validation_images/15693.jpg""}, {""image_id"": ""14291"", ""image_path"": ""data/flickr30k/validation_images/14291.jpg""}, {""image_id"": ""14029"", ""image_path"": ""data/flickr30k/validation_images/14029.jpg""}, {""image_id"": ""6043"", ""image_path"": ""data/flickr30k/validation_images/6043.jpg""}, {""image_id"": ""11218"", ""image_path"": ""data/flickr30k/validation_images/11218.jpg""}]","[""fine_grained_attribute"", ""counting_quantity"", ""spatial_relation"", ""action_interaction"", ""object_category_confusion"", ""scene_context_confusion"", ""text_ocr_content"", ""annotation_ambiguity"", ""other""]"
t2i,12879::caption_3,Some men are finishing a race.,12879,60,"{""image_id"": ""12879"", ""image_path"": ""data/flickr30k/validation_images/12879.jpg""}","{""42.0"": 60, ""43.0"": 27, ""44.0"": 74}","[""27834"", ""30089"", ""30276"", ""17598"", ""16434"", ""20439"", ""29964"", ""29789"", ""28366"", ""8117""]","[{""image_id"": ""27834"", ""image_path"": ""data/flickr30k/validation_images/27834.jpg""}, {""image_id"": ""30089"", ""image_path"": ""data/flickr30k/validation_images/30089.jpg""}, {""image_id"": ""30276"", ""image_path"": ""data/flickr30k/validation_images/30276.jpg""}, {""image_id"": ""17598"", ""image_path"": ""data/flickr30k/validation_images/17598.jpg""}, {""image_id"": ""16434"", ""image_path"": ""data/flickr30k/validation_images/16434.jpg""}, {""image_id"": ""20439"", ""image_path"": ""data/flickr30k/validation_images/20439.jpg""}, {""image_id"": ""29964"", ""image_path"": ""data/flickr30k/validation_images/29964.jpg""}, {""image_id"": ""29789"", ""image_path"": ""data/flickr30k/validation_images/29789.jpg""}, {""image_id"": ""28366"", ""image_path"": ""data/flickr30k/validation_images/28366.jpg""}, {""image_id"": ""8117"", ""image_path"": ""data/flickr30k/validation_images/8117.jpg""}]","[""fine_grained_attribute"", ""counting_quantity"", ""spatial_relation"", ""action_interaction"", ""object_category_confusion"", ""scene_context_confusion"", ""text_ocr_content"", ""annotation_ambiguity"", ""other""]"
t2i,21336::caption_4,A blond woman is holding a child.,21336,15,"{""image_id"": ""21336"", ""image_path"": ""data/flickr30k/validation_images/21336.jpg""}","{""42.0"": 15, ""43.0"": 26, ""44.0"": 13}","[""3969"", ""2179"", ""6304"", ""15636"", ""22642"", ""3180"", ""5576"", ""29277"", ""16709"", ""28787""]","[{""image_id"": ""3969"", ""image_path"": ""data/flickr30k/validation_images/3969.jpg""}, {""image_id"": ""2179"", ""image_path"": ""data/flickr30k/validation_images/2179.jpg""}, {""image_id"": ""6304"", ""image_path"": ""data/flickr30k/validation_images/6304.jpg""}, {""image_id"": ""15636"", ""image_path"": ""data/flickr30k/validation_images/15636.jpg""}, {""image_id"": ""22642"", ""image_path"": ""data/flickr30k/validation_images/22642.jpg""}, {""image_id"": ""3180"", ""image_path"": ""data/flickr30k/validation_images/3180.jpg""}, {""image_id"": ""5576"", ""image_path"": ""data/flickr30k/validation_images/5576.jpg""}, {""image_id"": ""29277"", ""image_path"": ""data/flickr30k/validation_images/29277.jpg""}, {""image_id"": ""16709"", ""image_path"": ""data/flickr30k/validation_images/16709.jpg""}, {""image_id"": ""28787"", ""image_path"": ""data/flickr30k/validation_images/28787.jpg""}]","[""fine_grained_attribute"", ""counting_quantity"", ""spatial_relation"", ""action_interaction"", ""object_category_confusion"", ""scene_context_confusion"", ""text_ocr_content"", ""annotation_ambiguity"", ""other""]"
t2i,1943::caption_2,A girl with blue hair is pushing a coffee cart.,1943,301,"{""image_id"": ""1943"", ""image_path"": ""data/flickr30k/validation_images/1943.jpg""}","{""42.0"": 301, ""43.0"": 109, ""44.0"": 234}","[""13796"", ""377"", ""25007"", ""20920"", ""4011"", ""3681"", ""26335"", ""15636"", ""11960"", ""293""]","[{""image_id"": ""13796"", ""image_path"": ""data/flickr30k/validation_images/13796.jpg""}, {""image_id"": ""377"", ""image_path"": ""data/flickr30k/validation_images/377.jpg""}, {""image_id"": ""25007"", ""image_path"": ""data/flickr30k/validation_images/25007.jpg""}, {""image_id"": ""20920"", ""image_path"": ""data/flickr30k/validation_images/20920.jpg""}, {""image_id"": ""4011"", ""image_path"": ""data/flickr30k/validation_images/4011.jpg""}, {""image_id"": ""3681"", ""image_path"": ""data/flickr30k/validation_images/3681.jpg""}, {""image_id"": ""26335"", ""image_path"": ""data/flickr30k/validation_images/26335.jpg""}, {""image_id"": ""15636"", ""image_path"": ""data/flickr30k/validation_images/15636.jpg""}, {""image_id"": ""11960"", ""image_path"": ""data/flickr30k/validation_images/11960.jpg""}, {""image_id"": ""293"", ""image_path"": ""data/flickr30k/validation_images/293.jpg""}]","[""fine_grained_attribute"", ""counting_quantity"", ""spatial_relation"", ""action_interaction"", ""object_category_confusion"", ""scene_context_confusion"", ""text_ocr_content"", ""annotation_ambiguity"", ""other""]"
t2i,18905::caption_1,A black man in a chef's coat is on the phone while two other men in aprons laugh.,18905,29,"{""image_id"": ""18905"", ""image_path"": ""data/flickr30k/validation_images/18905.jpg""}","{""42.0"": 29, ""43.0"": 127, ""44.0"": 115}","[""6167"", ""20171"", ""17914"", ""22291"", ""12984"", ""14247"", ""26609"", ""24341"", ""14904"", ""11710""]","[{""image_id"": ""6167"", ""image_path"": ""data/flickr30k/validation_images/6167.jpg""}, {""image_id"": ""20171"", ""image_path"": ""data/flickr30k/validation_images/20171.jpg""}, {""image_id"": ""17914"", ""image_path"": ""data/flickr30k/validation_images/17914.jpg""}, {""image_id"": ""22291"", ""image_path"": ""data/flickr30k/validation_images/22291.jpg""}, {""image_id"": ""12984"", ""image_path"": ""data/flickr30k/validation_images/12984.jpg""}, {""image_id"": ""14247"", ""image_path"": ""data/flickr30k/validation_images/14247.jpg""}, {""image_id"": ""26609"", ""image_path"": ""data/flickr30k/validation_images/26609.jpg""}, {""image_id"": ""24341"", ""image_path"": ""data/flickr30k/validation_images/24341.jpg""}, {""image_id"": ""14904"", ""image_path"": ""data/flickr30k/validation_images/14904.jpg""}, {""image_id"": ""11710"", ""image_path"": ""data/flickr30k/validation_images/11710.jpg""}]","[""fine_grained_attribute"", ""counting_quantity"", ""spatial_relation"", ""action_interaction"", ""object_category_confusion"", ""scene_context_confusion"", ""text_ocr_content"", ""annotation_ambiguity"", ""other""]"
t2i,25077::caption_2,A dog is tied to something with a man in the background.,25077,29,"{""image_id"": ""25077"", ""image_path"": ""data/flickr30k/validation_images/25077.jpg""}","{""42.0"": 29, ""43.0"": 69, ""44.0"": 83}","[""1107"", ""3204"", ""24307"", ""8913"", ""3510"", ""27204"", ""11539"", ""12137"", ""9291"", ""8107""]","[{""image_id"": ""1107"", ""image_path"": ""data/flickr30k/validation_images/1107.jpg""}, {""image_id"": ""3204"", ""image_path"": ""data/flickr30k/validation_images/3204.jpg""}, {""image_id"": ""24307"", ""image_path"": ""data/flickr30k/validation_images/24307.jpg""}, {""image_id"": ""8913"", ""image_path"": ""data/flickr30k/validation_images/8913.jpg""}, {""image_id"": ""3510"", ""image_path"": ""data/flickr30k/validation_images/3510.jpg""}, {""image_id"": ""27204"", ""image_path"": ""data/flickr30k/validation_images/27204.jpg""}, {""image_id"": ""11539"", ""image_path"": ""data/flickr30k/validation_images/11539.jpg""}, {""image_id"": ""12137"", ""image_path"": ""data/flickr30k/validation_images/12137.jpg""}, {""image_id"": ""9291"", ""image_path"": ""data/flickr30k/validation_images/9291.jpg""}, {""image_id"": ""8107"", ""image_path"": ""data/flickr30k/validation_images/8107.jpg""}]","[""fine_grained_attribute"", ""counting_quantity"", ""spatial_relation"", ""action_interaction"", ""object_category_confusion"", ""scene_context_confusion"", ""text_ocr_content"", ""annotation_ambiguity"", ""other""]"
t2i,16775::caption_4,A pair of older boys play guitars.,16775,37,"{""image_id"": ""16775"", ""image_path"": ""data/flickr30k/validation_images/16775.jpg""}","{""42.0"": 37, ""43.0"": 43, ""44.0"": 205}","[""17212"", ""15223"", ""30188"", ""13325"", ""3423"", ""13285"", ""13059"", ""4561"", ""3032"", ""27707""]","[{""image_id"": ""17212"", ""image_path"": ""data/flickr30k/validation_images/17212.jpg""}, {""image_id"": ""15223"", ""image_path"": ""data/flickr30k/validation_images/15223.jpg""}, {""image_id"": ""30188"", ""image_path"": ""data/flickr30k/validation_images/30188.jpg""}, {""image_id"": ""13325"", ""image_path"": ""data/flickr30k/validation_images/13325.jpg""}, {""image_id"": ""3423"", ""image_path"": ""data/flickr30k/validation_images/3423.jpg""}, {""image_id"": ""13285"", ""image_path"": ""data/flickr30k/validation_images/13285.jpg""}, {""image_id"": ""13059"", ""image_path"": ""data/flickr30k/validation_images/13059.jpg""}, {""image_id"": ""4561"", ""image_path"": ""data/flickr30k/validation_images/4561.jpg""}, {""image_id"": ""3032"", ""image_path"": ""data/flickr30k/validation_images/3032.jpg""}, {""image_id"": ""27707"", ""image_path"": ""data/flickr30k/validation_images/27707.jpg""}]","[""fine_grained_attribute"", ""counting_quantity"", ""spatial_relation"", ""action_interaction"", ""object_category_confusion"", ""scene_context_confusion"", ""text_ocr_content"", ""annotation_ambiguity"", ""other""]"
t2i,22638::caption_4,A group of people are in a street.,22638,72,"{""image_id"": ""22638"", ""image_path"": ""data/flickr30k/validation_images/22638.jpg""}","{""42.0"": 72, ""43.0"": 84, ""44.0"": 75}","[""25205"", ""13943"", ""12993"", ""21091"", ""382"", ""10810"", ""23151"", ""843"", ""19180"", ""19739""]","[{""image_id"": ""25205"", ""image_path"": ""data/flickr30k/validation_images/25205.jpg""}, {""image_id"": ""13943"", ""image_path"": ""data/flickr30k/validation_images/13943.jpg""}, {""image_id"": ""12993"", ""image_path"": ""data/flickr30k/validation_images/12993.jpg""}, {""image_id"": ""21091"", ""image_path"": ""data/flickr30k/validation_images/21091.jpg""}, {""image_id"": ""382"", ""image_path"": ""data/flickr30k/validation_images/382.jpg""}, {""image_id"": ""10810"", ""image_path"": ""data/flickr30k/validation_images/10810.jpg""}, {""image_id"": ""23151"", ""image_path"": ""data/flickr30k/validation_images/23151.jpg""}, {""image_id"": ""843"", ""image_path"": ""data/flickr30k/validation_images/843.jpg""}, {""image_id"": ""19180"", ""image_path"": ""data/flickr30k/validation_images/19180.jpg""}, {""image_id"": ""19739"", ""image_path"": ""data/flickr30k/validation_images/19739.jpg""}]","[""fine_grained_attribute"", ""counting_quantity"", ""spatial_relation"", ""action_interaction"", ""object_category_confusion"", ""scene_context_confusion"", ""text_ocr_content"", ""annotation_ambiguity"", ""other""]"
t2i,15582::caption_2,Young children playing on a stoop with a bubble maker.,15582,14,"{""image_id"": ""15582"", ""image_path"": ""data/flickr30k/validation_images/15582.jpg""}","{""42.0"": 14, ""43.0"": 17, ""44.0"": 83}","[""13447"", ""13654"", ""28191"", ""12931"", ""16376"", ""293"", ""23238"", ""29598"", ""10724"", ""1727""]","[{""image_id"": ""13447"", ""image_path"": ""data/flickr30k/validation_images/13447.jpg""}, {""image_id"": ""13654"", ""image_path"": ""data/flickr30k/validation_images/13654.jpg""}, {""image_id"": ""28191"", ""image_path"": ""data/flickr30k/validation_images/28191.jpg""}, {""image_id"": ""12931"", ""image_path"": ""data/flickr30k/validation_images/12931.jpg""}, {""image_id"": ""16376"", ""image_path"": ""data/flickr30k/validation_images/16376.jpg""}, {""image_id"": ""293"", ""image_path"": ""data/flickr30k/validation_images/293.jpg""}, {""image_id"": ""23238"", ""image_path"": ""data/flickr30k/validation_images/23238.jpg""}, {""image_id"": ""29598"", ""image_path"": ""data/flickr30k/validation_images/29598.jpg""}, {""image_id"": ""10724"", ""image_path"": ""data/flickr30k/validation_images/10724.jpg""}, {""image_id"": ""1727"", ""image_path"": ""data/flickr30k/validation_images/1727.jpg""}]","[""fine_grained_attribute"", ""counting_quantity"", ""spatial_relation"", ""action_interaction"", ""object_category_confusion"", ""scene_context_confusion"", ""text_ocr_content"", ""annotation_ambiguity"", ""other""]"
t2i,9895::caption_4,A woman in white blowing bubbles.,9895,23,"{""image_id"": ""9895"", ""image_path"": ""data/flickr30k/validation_images/9895.jpg""}","{""42.0"": 23, ""43.0"": 30, ""44.0"": 21}","[""9819"", ""30644"", ""6977"", ""26335"", ""390"", ""462"", ""18576"", ""23868"", ""23238"", ""3115""]","[{""image_id"": ""9819"", ""image_path"": ""data/flickr30k/validation_images/9819.jpg""}, {""image_id"": ""30644"", ""image_path"": ""data/flickr30k/validation_images/30644.jpg""}, {""image_id"": ""6977"", ""image_path"": ""data/flickr30k/validation_images/6977.jpg""}, {""image_id"": ""26335"", ""image_path"": ""data/flickr30k/validation_images/26335.jpg""}, {""image_id"": ""390"", ""image_path"": ""data/flickr30k/validation_images/390.jpg""}, {""image_id"": ""462"", ""image_path"": ""data/flickr30k/validation_images/462.jpg""}, {""image_id"": ""18576"", ""image_path"": ""data/flickr30k/validation_images/18576.jpg""}, {""image_id"": ""23868"", ""image_path"": ""data/flickr30k/validation_images/23868.jpg""}, {""image_id"": ""23238"", ""image_path"": ""data/flickr30k/validation_images/23238.jpg""}, {""image_id"": ""3115"", ""image_path"": ""data/flickr30k/validation_images/3115.jpg""}]","[""fine_grained_attribute"", ""counting_quantity"", ""spatial_relation"", ""action_interaction"", ""object_category_confusion"", ""scene_context_confusion"", ""text_ocr_content"", ""annotation_ambiguity"", ""other""]"
t2i,21482::caption_4,Two photographers cataloging an event.,21482,103,"{""image_id"": ""21482"", ""image_path"": ""data/flickr30k/validation_images/21482.jpg""}","{""42.0"": 103, ""43.0"": 19, ""44.0"": 23}","[""21625"", ""18974"", ""27707"", ""16775"", ""22916"", ""8194"", ""12202"", ""4494"", ""29505"", ""4141""]","[{""image_id"": ""21625"", ""image_path"": ""data/flickr30k/validation_images/21625.jpg""}, {""image_id"": ""18974"", ""image_path"": ""data/flickr30k/validation_images/18974.jpg""}, {""image_id"": ""27707"", ""image_path"": ""data/flickr30k/validation_images/27707.jpg""}, {""image_id"": ""16775"", ""image_path"": ""data/flickr30k/validation_images/16775.jpg""}, {""image_id"": ""22916"", ""image_path"": ""data/flickr30k/validation_images/22916.jpg""}, {""image_id"": ""8194"", ""image_path"": ""data/flickr30k/validation_images/8194.jpg""}, {""image_id"": ""12202"", ""image_path"": ""data/flickr30k/validation_images/12202.jpg""}, {""image_id"": ""4494"", ""image_path"": ""data/flickr30k/validation_images/4494.jpg""}, {""image_id"": ""29505"", ""image_path"": ""data/flickr30k/validation_images/29505.jpg""}, {""image_id"": ""4141"", ""image_path"": ""data/flickr30k/validation_images/4141.jpg""}]","[""fine_grained_attribute"", ""counting_quantity"", ""spatial_relation"", ""action_interaction"", ""object_category_confusion"", ""scene_context_confusion"", ""text_ocr_content"", ""annotation_ambiguity"", ""other""]"
t2i,13477::caption_0,A brown and white dog is jumping in the air with a tennis ball in its mouth.,13477,20,"{""image_id"": ""13477"", ""image_path"": ""data/flickr30k/validation_images/13477.jpg""}","{""42.0"": 20, ""43.0"": 24, ""44.0"": 26}","[""14001"", ""19824"", ""2324"", ""9291"", ""9488"", ""5062"", ""13351"", ""4053"", ""8303"", ""7156""]","[{""image_id"": ""14001"", ""image_path"": ""data/flickr30k/validation_images/14001.jpg""}, {""image_id"": ""19824"", ""image_path"": ""data/flickr30k/validation_images/19824.jpg""}, {""image_id"": ""2324"", ""image_path"": ""data/flickr30k/validation_images/2324.jpg""}, {""image_id"": ""9291"", ""image_path"": ""data/flickr30k/validation_images/9291.jpg""}, {""image_id"": ""9488"", ""image_path"": ""data/flickr30k/validation_images/9488.jpg""}, {""image_id"": ""5062"", ""image_path"": ""data/flickr30k/validation_images/5062.jpg""}, {""image_id"": ""13351"", ""image_path"": ""data/flickr30k/validation_images/13351.jpg""}, {""image_id"": ""4053"", ""image_path"": ""data/flickr30k/validation_images/4053.jpg""}, {""image_id"": ""8303"", ""image_path"": ""data/flickr30k/validation_images/8303.jpg""}, {""image_id"": ""7156"", ""image_path"": ""data/flickr30k/validation_images/7156.jpg""}]","[""fine_grained_attribute"", ""counting_quantity"", ""spatial_relation"", ""action_interaction"", ""object_category_confusion"", ""scene_context_confusion"", ""text_ocr_content"", ""annotation_ambiguity"", ""other""]"
t2i,29640::caption_4,A man and a little boy beating drums.,29640,19,"{""image_id"": ""29640"", ""image_path"": ""data/flickr30k/validation_images/29640.jpg""}","{""42.0"": 19, ""43.0"": 80, ""44.0"": 102}","[""27707"", ""4561"", ""30188"", ""23882"", ""3032"", ""20165"", ""3461"", ""4011"", ""17212"", ""3423""]","[{""image_id"": ""27707"", ""image_path"": ""data/flickr30k/validation_images/27707.jpg""}, {""image_id"": ""4561"", ""image_path"": ""data/flickr30k/validation_images/4561.jpg""}, {""image_id"": ""30188"", ""image_path"": ""data/flickr30k/validation_images/30188.jpg""}, {""image_id"": ""23882"", ""image_path"": ""data/flickr30k/validation_images/23882.jpg""}, {""image_id"": ""3032"", ""image_path"": ""data/flickr30k/validation_images/3032.jpg""}, {""image_id"": ""20165"", ""image_path"": ""data/flickr30k/validation_images/20165.jpg""}, {""image_id"": ""3461"", ""image_path"": ""data/flickr30k/validation_images/3461.jpg""}, {""image_id"": ""4011"", ""image_path"": ""data/flickr30k/validation_images/4011.jpg""}, {""image_id"": ""17212"", ""image_path"": ""data/flickr30k/validation_images/17212.jpg""}, {""image_id"": ""3423"", ""image_path"": ""data/flickr30k/validation_images/3423.jpg""}]","[""fine_grained_attribute"", ""counting_quantity"", ""spatial_relation"", ""action_interaction"", ""object_category_confusion"", ""scene_context_confusion"", ""text_ocr_content"", ""annotation_ambiguity"", ""other""]"
t2i,5204::caption_4,A boy in a black cloak with a fake sword.,5204,12,"{""image_id"": ""5204"", ""image_path"": ""data/flickr30k/validation_images/5204.jpg""}","{""42.0"": 12, ""43.0"": 18, ""44.0"": 50}","[""27560"", ""29640"", ""23998"", ""5304"", ""1616"", ""16811"", ""3529"", ""100"", ""387"", ""12684""]","[{""image_id"": ""27560"", ""image_path"": ""data/flickr30k/validation_images/27560.jpg""}, {""image_id"": ""29640"", ""image_path"": ""data/flickr30k/validation_images/29640.jpg""}, {""image_id"": ""23998"", ""image_path"": ""data/flickr30k/validation_images/23998.jpg""}, {""image_id"": ""5304"", ""image_path"": ""data/flickr30k/validation_images/5304.jpg""}, {""image_id"": ""1616"", ""image_path"": ""data/flickr30k/validation_images/1616.jpg""}, {""image_id"": ""16811"", ""image_path"": ""data/flickr30k/validation_images/16811.jpg""}, {""image_id"": ""3529"", ""image_path"": ""data/flickr30k/validation_images/3529.jpg""}, {""image_id"": ""100"", ""image_path"": ""data/flickr30k/validation_images/100.jpg""}, {""image_id"": ""387"", ""image_path"": ""data/flickr30k/validation_images/387.jpg""}, {""image_id"": ""12684"", ""image_path"": ""data/flickr30k/validation_images/12684.jpg""}]","[""fine_grained_attribute"", ""counting_quantity"", ""spatial_relation"", ""action_interaction"", ""object_category_confusion"", ""scene_context_confusion"", ""text_ocr_content"", ""annotation_ambiguity"", ""other""]"
t2i,10392::caption_1,Two women with their baby strollers walking along a leaves covered street.,10392,71,"{""image_id"": ""10392"", ""image_path"": ""data/flickr30k/validation_images/10392.jpg""}","{""42.0"": 71, ""43.0"": 13, ""44.0"": 45}","[""23219"", ""10963"", ""14842"", ""3203"", ""13943"", ""18959"", ""28787"", ""22916"", ""10557"", ""19544""]","[{""image_id"": ""23219"", ""image_path"": ""data/flickr30k/validation_images/23219.jpg""}, {""image_id"": ""10963"", ""image_path"": ""data/flickr30k/validation_images/10963.jpg""}, {""image_id"": ""14842"", ""image_path"": ""data/flickr30k/validation_images/14842.jpg""}, {""image_id"": ""3203"", ""image_path"": ""data/flickr30k/validation_images/3203.jpg""}, {""image_id"": ""13943"", ""image_path"": ""data/flickr30k/validation_images/13943.jpg""}, {""image_id"": ""18959"", ""image_path"": ""data/flickr30k/validation_images/18959.jpg""}, {""image_id"": ""28787"", ""image_path"": ""data/flickr30k/validation_images/28787.jpg""}, {""image_id"": ""22916"", ""image_path"": ""data/flickr30k/validation_images/22916.jpg""}, {""image_id"": ""10557"", ""image_path"": ""data/flickr30k/validation_images/10557.jpg""}, {""image_id"": ""19544"", ""image_path"": ""data/flickr30k/validation_images/19544.jpg""}]","[""fine_grained_attribute"", ""counting_quantity"", ""spatial_relation"", ""action_interaction"", ""object_category_confusion"", ""scene_context_confusion"", ""text_ocr_content"", ""annotation_ambiguity"", ""other""]"
t2i,19804::caption_2,A parade is taking place at night in the streets.,19804,21,"{""image_id"": ""19804"", ""image_path"": ""data/flickr30k/validation_images/19804.jpg""}","{""42.0"": 21, ""43.0"": 19, ""44.0"": 19}","[""17835"", ""21091"", ""29571"", ""382"", ""13670"", ""26268"", ""4917"", ""6282"", ""20550"", ""17645""]","[{""image_id"": ""17835"", ""image_path"": ""data/flickr30k/validation_images/17835.jpg""}, {""image_id"": ""21091"", ""image_path"": ""data/flickr30k/validation_images/21091.jpg""}, {""image_id"": ""29571"", ""image_path"": ""data/flickr30k/validation_images/29571.jpg""}, {""image_id"": ""382"", ""image_path"": ""data/flickr30k/validation_images/382.jpg""}, {""image_id"": ""13670"", ""image_path"": ""data/flickr30k/validation_images/13670.jpg""}, {""image_id"": ""26268"", ""image_path"": ""data/flickr30k/validation_images/26268.jpg""}, {""image_id"": ""4917"", ""image_path"": ""data/flickr30k/validation_images/4917.jpg""}, {""image_id"": ""6282"", ""image_path"": ""data/flickr30k/validation_images/6282.jpg""}, {""image_id"": ""20550"", ""image_path"": ""data/flickr30k/validation_images/20550.jpg""}, {""image_id"": ""17645"", ""image_path"": ""data/flickr30k/validation_images/17645.jpg""}]","[""fine_grained_attribute"", ""counting_quantity"", ""spatial_relation"", ""action_interaction"", ""object_category_confusion"", ""scene_context_confusion"", ""text_ocr_content"", ""annotation_ambiguity"", ""other""]"
t2i,27655::caption_4,A man in blue and a man in red box each other.,27655,86,"{""image_id"": ""27655"", ""image_path"": ""data/flickr30k/validation_images/27655.jpg""}","{""42.0"": 86, ""43.0"": 62, ""44.0"": 33}","[""2283"", ""17914"", ""1716"", ""26609"", ""27721"", ""11911"", ""6167"", ""22228"", ""18905"", ""4011""]","[{""image_id"": ""2283"", ""image_path"": ""data/flickr30k/validation_images/2283.jpg""}, {""image_id"": ""17914"", ""image_path"": ""data/flickr30k/validation_images/17914.jpg""}, {""image_id"": ""1716"", ""image_path"": ""data/flickr30k/validation_images/1716.jpg""}, {""image_id"": ""26609"", ""image_path"": ""data/flickr30k/validation_images/26609.jpg""}, {""image_id"": ""27721"", ""image_path"": ""data/flickr30k/validation_images/27721.jpg""}, {""image_id"": ""11911"", ""image_path"": ""data/flickr30k/validation_images/11911.jpg""}, {""image_id"": ""6167"", ""image_path"": ""data/flickr30k/validation_images/6167.jpg""}, {""image_id"": ""22228"", ""image_path"": ""data/flickr30k/validation_images/22228.jpg""}, {""image_id"": ""18905"", ""image_path"": ""data/flickr30k/validation_images/18905.jpg""}, {""image_id"": ""4011"", ""image_path"": ""data/flickr30k/validation_images/4011.jpg""}]","[""fine_grained_attribute"", ""counting_quantity"", ""spatial_relation"", ""action_interaction"", ""object_category_confusion"", ""scene_context_confusion"", ""text_ocr_content"", ""annotation_ambiguity"", ""other""]"
t2i,21336::caption_3,The women is holding the boy while looking across the street.,21336,31,"{""image_id"": ""21336"", ""image_path"": ""data/flickr30k/validation_images/21336.jpg""}","{""42.0"": 31, ""43.0"": 13, ""44.0"": 20}","[""19739"", ""20838"", ""21091"", ""20478"", ""20109"", ""5576"", ""22827"", ""3566"", ""843"", ""3203""]","[{""image_id"": ""19739"", ""image_path"": ""data/flickr30k/validation_images/19739.jpg""}, {""image_id"": ""20838"", ""image_path"": ""data/flickr30k/validation_images/20838.jpg""}, {""image_id"": ""21091"", ""image_path"": ""data/flickr30k/validation_images/21091.jpg""}, {""image_id"": ""20478"", ""image_path"": ""data/flickr30k/validation_images/20478.jpg""}, {""image_id"": ""20109"", ""image_path"": ""data/flickr30k/validation_images/20109.jpg""}, {""image_id"": ""5576"", ""image_path"": ""data/flickr30k/validation_images/5576.jpg""}, {""image_id"": ""22827"", ""image_path"": ""data/flickr30k/validation_images/22827.jpg""}, {""image_id"": ""3566"", ""image_path"": ""data/flickr30k/validation_images/3566.jpg""}, {""image_id"": ""843"", ""image_path"": ""data/flickr30k/validation_images/843.jpg""}, {""image_id"": ""3203"", ""image_path"": ""data/flickr30k/validation_images/3203.jpg""}]","[""fine_grained_attribute"", ""counting_quantity"", ""spatial_relation"", ""action_interaction"", ""object_category_confusion"", ""scene_context_confusion"", ""text_ocr_content"", ""annotation_ambiguity"", ""other""]"
t2i,282::caption_4,The man is up in the air.,282,98,"{""image_id"": ""282"", ""image_path"": ""data/flickr30k/validation_images/282.jpg""}","{""42.0"": 98, ""43.0"": 48, ""44.0"": 82}","[""28009"", ""16469"", ""21308"", ""27478"", ""3434"", ""28435"", ""7228"", ""15547"", ""5550"", ""27001""]","[{""image_id"": ""28009"", ""image_path"": ""data/flickr30k/validation_images/28009.jpg""}, {""image_id"": ""16469"", ""image_path"": ""data/flickr30k/validation_images/16469.jpg""}, {""image_id"": ""21308"", ""image_path"": ""data/flickr30k/validation_images/21308.jpg""}, {""image_id"": ""27478"", ""image_path"": ""data/flickr30k/validation_images/27478.jpg""}, {""image_id"": ""3434"", ""image_path"": ""data/flickr30k/validation_images/3434.jpg""}, {""image_id"": ""28435"", ""image_path"": ""data/flickr30k/validation_images/28435.jpg""}, {""image_id"": ""7228"", ""image_path"": ""data/flickr30k/validation_images/7228.jpg""}, {""image_id"": ""15547"", ""image_path"": ""data/flickr30k/validation_images/15547.jpg""}, {""image_id"": ""5550"", ""image_path"": ""data/flickr30k/validation_images/5550.jpg""}, {""image_id"": ""27001"", ""image_path"": ""data/flickr30k/validation_images/27001.jpg""}]","[""fine_grained_attribute"", ""counting_quantity"", ""spatial_relation"", ""action_interaction"", ""object_category_confusion"", ""scene_context_confusion"", ""text_ocr_content"", ""annotation_ambiguity"", ""other""]"
